CREATE USER 'getit'@'localhost' IDENTIFIED BY 'getit';
GRANT ALL PRIVILEGES ON * . * TO 'getit'@'localhost';

USE getitdb;

ALTER TABLE publication CHANGE `created` `created` 
DATETIME(6) DEFAULT CURRENT_TIMESTAMP(6) ON UPDATE CURRENT_TIMESTAMP(6);

ALTER TABLE photo_gallery CHANGE `created` `created` 
DATETIME(6) DEFAULT CURRENT_TIMESTAMP(6) ON UPDATE CURRENT_TIMESTAMP(6);

ALTER TABLE publication MODIFY image MEDIUMBLOB;
ALTER TABLE photo_gallery MODIFY image MEDIUMBLOB;

INSERT INTO work_area(id, name)
VALUES (1, 'Limpieza');

INSERT INTO work_area(id, name)
VALUES (2, 'Pintura');

INSERT INTO work_area(id, name)
VALUES (3, 'Plomería');

INSERT INTO work_area(id, name)
VALUES (4, 'Jardinería');

INSERT INTO work_area(id, name)
VALUES (5, 'Construcción');

INSERT INTO users(id, address, birthdate, email, firstname, lastname, password, phone, work_area_id, score)
VALUES (1, 'Av. Simon Lopez #3432', '2000-09-04', 'diego.vallejos@gmail.com', 'Diego', 'Vallejos', 'diego12V', 'https://wa.me/59175934733', 1, 5);

INSERT INTO users(id, address, birthdate, email, firstname, lastname, password, phone, work_area_id, score)
VALUES (2, 'Av. America y Libertador Bolivar #7634', '1997-02-23', 'santiago.gomez@gmail.com', 'Santiago', 'Gomez', '1234Santi', 'https://wa.me/59167323586', 2, 2);

INSERT INTO users(id, address, birthdate, email, firstname, lastname, password, phone, work_area_id, score)
VALUES (3, 'Av. Oquendo y Sucre # 837', '1968-05-04', 'elena.meneses@gmail.com', 'Elena', 'Meneses', 'Elena14Z', 'https://wa.me/59176426138', 4, 5);

INSERT INTO users(id, address, birthdate, email, firstname, lastname, password, phone, work_area_id, score)
VALUES (4, 'Av. Petrolera # 293', '1978-09-20', 'sonia.morales@hotmail.com', 'Sonia', 'Morales', 'SoniaM213', 'https://wa.me/59165246186', 3, 4);

INSERT INTO users(id, address, birthdate, email, firstname, lastname, password, phone, work_area_id, score)
VALUES (5, 'Av. Ayacucho y Calama # 721', '1989-12-02', 'diego.soto@hotmail.com', 'Diego', 'Soto', 'Diego10S', 'https://wa.me/59176426138', 5, 2);

INSERT INTO publication(id, address, description, publication_type, tariff, time_required_or_offered, user_id, work_area_id, image)
VALUES (2, 'Av. Oquendo #7604', 'Construcción y montaje de estructuras, perfiles metálicos, costaneras, galvanizado, livianos o viga de madera, para cubiertas de columnas, singles, tejas cerámicas, policarbonatos, lunas mallas + cielo Drywall, PVC, presupuestos.', 'OFFER', 2200, 21, 5, 5, '/9j/4AAQSkZJRgABAQAAAQABAAD/2wCEAAoGCBUVExcVFRUYGBcZGhkcGRoZGhkaHxkaGhkaGhoaHBoaHysjGiEpJB8aJTYlKCwuMjIyGyM5PDcxOysxMi4BCwsLDw4PHRERHTEpISgxMTE7MzExMTExMTExLjExMTEyMTExMTExMTExMTExMTExMTExMTExMTExMTExMTExMf/AABEIAJ8BPgMBIgACEQEDEQH/xAAcAAABBQEBAQAAAAAAAAAAAAAGAgMEBQcBAAj/xABDEAACAQIEAwYCCAQFAgYDAAABAhEAAwQSITEFQVEGEyJhcYEykQdCUqGxwdHwFCNi4TNygpLxFVMkQ6LCw+IIFmP/xAAZAQADAQEBAAAAAAAAAAAAAAACAwQBAAX/xAAqEQACAgICAQMEAQUBAAAAAAAAAQIRAyESMUEiUWEEEzKRgVJxocHwFP/aAAwDAQACEQMRAD8AyfCW3VlK6Ftp5g+VT8Vhw9xiF2aG9FOXeYG1dwhRbwWCfFJnQCNSQNzUTDXHdizElUVn9CNF0H9RUe9BtjFSH2NsBtnIBJjUAdMx89NAN6mWwzYhbQhUi0hjzCLBO+haoFjD/wAsyAGd0QcswnMdPXJVvatg3cRdy+Gb5HT+WjkAdPF3QrlFHOTI/Cibj4q+NAiXXk/WzkqqjzhjRTwThwBtLoSlsAgcmaPv/WhzgFs/wlxif8S9Yt/6bYNx9tToRp5UW8LuBMSQqGMy52nTwLmOh5zpWNpHKLfRKsYMti2bwQ15Z0Md0hG3nHtU61he/S0yxA7257LAOvrlqq4HccG5cuNmORhI1iUcyJ0Gsf3q34FxG1bsw3K04UDTN3jk6Ax9mlSmqpDFjfZX9o1CYy7dG9vv33j4LbhTPkctAHBcFDsZgKrFpG2S1cuT5zkgVoPbt/BiH+s1tUiGAm5dtzBI18IahjgyLbs+OFP8w5X02QIDB2EXG+RisjOlYzhZJv4fLYxmgBt4fD2QOv8ALW4feQDVx2zwqt3OUZmW0yRv8X8NZaY6An50PYriVsrcWZ7y47SonSQqDMeeUAcqI+AcUGLxFq21so4cFNznUwHB6mIaTPOfPXNg/brYM/SCZuqhOpbEXNP68VdA8h4UX3nrU3B8Mz3r6lgAmFw9hZ3XOllWY+kv86l/Sx2duWr6MJyP3du08yWPjLBtPC0knzn1h/BXQbuOedFF9tuSuUt7dO5Y0bvwLVVsDlYLatLqFWy9xpOpDXmWCB1AU+4q14dxgYewroCUvXHW4TEhMijJr0MsDrr15pGFRy9vKMyYC0SqggklbV6N41Zo250xxLhzW7dpFVgyWlYruQ9y5ebbaQqismkwoNrQS4DjWS/cGGUXEcK1p3QM1sZc2UNvMyCNvDvrqXcKwXeeK/3hbUhHJQDUEHKp056EnWaAcBw3Efw5cytq5ZXOwOk96SzDcnKpjQczG2mi9nMyJbW4wuK6KUvLJDgqYUnrsQ31p6zSFCpJDpT9Nrv/ACXdsTXig50pFivPFWERwsK4rUg0jNWnD5ekl6aJpBauOHjcrmemM1eLVxw69yo7vJrzNUe+5kKvxH5KPtH8hzPkCRxwm85djbUwB/iMOUicgPJiPkD1IqVbAEACANAByHQU3ZtBQFG33knUknmSdZqNiOJIoJGw0zEwM0xlUR4j91Y5KPZqi5dEfi+JFs3XcgLkVVEmWfxGAADO4++griXHytwNeVrfO2jAkEGNQwmffX3AC2GPw7Xnu3bhnKcoQZgE+FcvmYOp6nTqSTgnArTJbu5ALhCliQD4lgE67HSocuSKnUkWwi1C0VPZzgly7F3FjKgM2rBEQOTXB1/pO3uRRfSG1NKQVdCKS0Rzm5PY2d6fQU0615XNEAPlqSyg0jNSSa04lJA5143hUaa5XHGA4O0f5txjrlYx0ZzlLDpoWrqYZxYdlgF2Cz1CQ51jqU51P8KYaNZd8x2ByjRRPqjfOvXLfhtojQQoOsD/ABDMmNtMvyipXkZesC6IpwzA4W2IlR3jE6+NnLRzGihJqywig2Hkk/yzIO/824kidvhtjfkKrLlxjefLpGcqDOwUgeY0iu3boyP48rZ1Akx4baMFgbnUrHSiblIBRhAsWuItu1bn4TdaR4pLFVQCJA0U8ufOkJxplmUM6wziIkEc9Khri1PgTMxAUEqCCx3YydN+u9RMTgmeTJJ5BmJOnQT90mKHgn+RryNfiXFnjwUMty4xDAiLY1G31m9Dt1peF4swlLGFLMYl7ssdBoYY5Afadd6rbHCTbQXHGYdJII3napa8Y0C21MDQADaslS/FWYpN7ZLxFvH3Pjuqo5wY8/qgTuefM1HscKFvV7gYR4lH1tTuTy16U7ZS/c/pHzqRb4KAQbreep/Ab/IUNs1tFcVtyBbUuBygAakHcKJMjmTFaF9E2BTv+8bLnAbKOcRrrGv5RQ9hzaQeFSTOmgUR011PypWCx2S4uRmR/iUAxtzn7j9+lY5U0+zttNG2cTwaXUyXFDJIMHkykMrD0IBrNO0HZ18MuLiXS7aCq2ms2r6uNOcsrTA+Pyo27LdoFvqEeFugajk4+0v5jlVpjMGly21txKMCCNdjv++VUaltE246ZiGBw4bGY4svhS0LJEwHg27QWeWw+VSkwNu9dyd53QK2FtlSQrMbNxlQsYyg94B7AaTIsu0vCXwVvHXLhkXMzW7k6MXui4ikfVZW0jmII3IFJxONbVxsqG8LYgKCO5s2RvoR8RG42AmKXO6Gw7DNsQDZhltqyhEa3IAU5SdFnQZiwA55Iq/sQqqtsKqAQAugA8o5VnuGs3TfOdMq97bRDclVcrbuodXjNDSdCfh86PeHvbyBUKeEAEIQQunwnp5E/hWQb5WdkSqiUbtcD6VHW4RoddW3HLMeomlm75fKnKV7oQ1QvNTZJpOcSBrJmBvsJOteKkmBRJ2Yz2eu5hSGskHWnbuHrTDxIroFRya890KJP/JOgA6k1xwrGPlXwjM50RZjMfMxoOp5CvWEyjUyx1Y9T5dANgP70ixaIl30MddEXeJ/E8z6Cq/it1yvhtl2OqWpClthnuE6W0k894OhPhoZSoOMbOcZ4oiASTlJjTd/c/Cn9R/DU1WEu/xFzww5CtOQkKmqwFYaDY+LcxpMQsHCYTFvcuNe7pU1Ny6rErbgmFlh6EAcmBMbMXcE4Xas25tgHMAxZRJfmNvi3Pz9qUlKTtjpOMI+kE+Ps9qbasSfjBynSdc8EyQD4Zk9STqTK4BjL4w+GNu4udpS6r5i2dxmR1XMABmYKdDuOlR+2nZs3EN61fKglCJAQ6Zw0uBOmkLCwA29CmEw9mzdm5ibjOnizAZrbNyU5i2ePSN6Rkgrdv5qrGxk5RWjYGXWCZPPlrz0parQp2f4yv8ALQzLMSoY6qrFmC5YgAAkA8wvtRQWqrDPlEmyw4yOmkRXs1LVqcKEEmuAUsmkE1xx2K7NJz17vK04w7iDkMtuRIbu5H9AVWM/5i24pVtLjXWuAQoLZZ5+EqvtMfKuIyKSSZ31PmZMaQJOtK/jJnKrNUTf9KLuba2xg4dgJzDOB0A+XQ1DTAZmE5ttc2nSPxq3TC3XGwUH3/GloFt/E4bLsPiIPt+dbGUkLklIgY62bDZFXfb986dsWnY5iPUDf51YNbe4Q9xICxEnUzpJ0qZZwuYQJPkNB91b2D0M/wDUlyd0VJGw0k/Oo3DERFIA8c6zoQfSiDC8PVFk6CAJOsSY1NV3HuHFW7y3HLUbET99C9GrY4t9z9YgdF8P4a/fTioPnVDxBry6ZoB2KiJ9zsab4djCG1JDdeTetLcW1Y1UnRaX+KJb2DN6CPXepdm+Hw4uCAzXcoPQIoZhPq6f7RUY2Fu+LRbnMcm/fWkcUttbsYcKIOa87L1zMqf/AB71iSa0c3T2WmFvlWVwxkEQZ1BGog7gjyrUOyXaZb4Fu4QLnI7B/wBG8ue46DG8LjA+oMHoR+NWOFvMhDBj6f35etDCcoM2eNTRsfGeGW71p7N5BctPuD9QzIIO4jcHlWV9r+zdxMXhrTy63cTfuBwCFyM1p8jcvhUj2mj7sZ2mF5RbuHx7BjHj8j0b8av8dg0dcriUBBHVCNQQen6kbE1YmpK0Sbi6ZlGL4mHW+tzMx72LJzapNk3mzEmCPEwE6DQbAQ9h+IPaK286oEBzLaQEubeYEEiFJOUSSNcx9aY7U8EuWLV9LgLZrtxrbIJLI1u1bUgDmMzA6aR0iYfD8L/4e2r5luqtxRJGbxN4dpgiAfOY9JsvpdplWNclTCC5x3vLWTu7luS0PIWAZYajaZiSRBI5bDzcTcm5luXwyMyupdzkmdFbIAsZZ3OvUaGNjOKLbtXQGts625KpmM5ripJJ/wA0HTnpVbhuLPfVEOrF1VlaSCh8O8gyNNt9eY1xfcqwqx3RpWE4zauG0FY5idPCea8+np61dXyB4ywUc5IEH3rNsFis9wd2hUh9VWMzCXi4hYHKQp1HPfrRZwvCozSy23ymSXdrrydhr4V2OwooZJ22wMmKNKi5GKW4M6MGGokajTQ0sXDFJZIiNuX6U3NWRdqyN9irjCJJiNSai5//ADG0A+EHcTpMfaOwG+sbk01duEklh/LEZY1Nx9fqx8I0jXUydAJMe5cZySDEaFt1tzoQOTP5nQfMEZSoOMLHL2KZ3yiMw1yk6W/svcAPibmFB/USeHLOiMShk3Lh3ZjEheTesQsQB0iW8MrjJH8rod3ncmdYPnq3PTe2wxiABpyFZGF7Z0p0qQ9isHauWGsFB3bKRl1G+u41mdZ3nWpXD7Cd2gEKAqgKNgIGntTKHXak4dyEA6CPlpTKAsC+3iuzNhWTMM63EaIGWc2hHOMymeYoR4PwWVdWsNeYrlUi4UCsJDP4VZpmI0AgedaB2gwTNaOW4+a1mhml2yMsxMS2XWJ16mhexxdbaAZ7pJkEL4YkkgBlmdeRH95ZScZ/BZCKlD5K0YRrGQiMywDmJHiXKVIXmfLzM1p+Euh7aONQyg/MUC8O4hbD5r9sww7wAgEwWYKZJA+zrHIE0Z8LvI9m2yABCoIAAAgidhtW/T3bsz6npaJamlUgV4tVZGOhaSyUkOa8WNcYcKUhhSixr01pxjS8OtqPEwnpv93Kl3bmQSqSPtHb5D9arYXcHXympuHxbD8zoSf8w2b7j51BKTXRdGKfZz+JdpDEx5aCPTnTuBti5cVdDJHKD1O2nKvNaR9QQp98v6r7j0qy7K4I/wAR4hGUE++3vzoVLk6ClBxV+C7GHtplHz3PpPSnsJbDFiOp9fI+VOYrB+LMNFG+/rrG3OlcPSEJO/7501OhLSaOvh82mu/TeB+EiqDtNNu0yzC+ER0kjY8qNezlsOXYiRAH+5uo1Gx5VTfSZwsi0mXxBn26hVJ3Gh5UEmmzYqgNweOBXK4zKecT8/1FI4hwqRmTxL5akD8xVYrtbMbjmOn6VaYHGn6jac12/wCDQNOO0NTUtMrExDr4WYxyImR8t6KeKXEZbKXND3KMrSD/AIhZx88wPvVfiMKlwEpAbcg8/XofOm+2Ja3i3C/CiWrceVu1bT8QdaJVJaBdp7GcbhCjSNG5EbNT3DsfJyto3401hOKplyvqnQ7r+ddx2EBXOpzLuGH51jV6Zt10W1i9lMqfb/itK7F9qxdAt3Wh9lYx4uit/V0PP13xGzeuEatsSNPI+dWHD8PeDBkDE+exHQydRXQTxvTMnU1tG39usNZOEc3QSqFGBEShLhcyz5E6bHaszxGDZJUXc4m06PARbgW4XLIZiYKAryyHrreYjtIbuCuYa6R3hVcjZpJKsrZWIM8vi/ZGuG8TS24t3EDWjmDW2bXxAqblsnUNE68/vrsk7knE7FBqLTKniOCKW7zkoGNm2rSVjvFa21yDEeIho89o0qk7L2nOItOAcq3UDNJ5EuV8yVVqLMSts50FsG2TCSSQ4tqiqNZObKqSDz501w7DHLiQtprbCWtKkGT/AAuJtq3h0WdTpswp0MiemLnja2is7NX1y3LywCgUtpBBBzjUA+E5CPejPhOLyIe5USwBaQScxUkCAAC3Nl5A5hpIUDwmHuWcHdfI6F7lsAMIkKSCIOpHjj3FXuBY2sTiHLEKFJjTRxctorAMRLAExy3ockF2mHCbemaNYQhWY3DcPPUBdCJKgbH1JmaVjHg5NY+9ueVfLqeW2+wvw7jRSwB3ZJI+EABQoJVXAH1jlJI2EjqAJmD4wLhZbxyKCBkC7yTOxzZZjlrm2I3FZeOkc8V7ZNxDkjNmyropYcwSPBa8jp4hqeXKEW7ZZhmUBBGVOkbFhtPMAaA+e1patqGltTy2hJEe58/wFOXcKOVURhe2IlLwiOrVIw7601dSPOk2n1poktbe29cRuvU/jUS3einrd4HeuNBz6QcM4RbiXMtva6usN9nYwJ1E9ctBf/Tctq6pQMyrIuM7AL4AAwRZzEzz0k7b1qXEcOl221ttVcQR+ftvWa9oOHKl428stDFFGmaHbKSQh6gRtJ10qXNGpJlmCVxaE4RRctqXyAquUZEIKga5jI8TEeQ103ou+j+6e4ZHBBVpBMahtTBGmhB09KHMDwoWkcl8zXFRGARgok8nuRmInkBpR9abMqt1UH5iaHBH1s36iXoSQ40U2XrjtXJq0hPZqXmpovXC9acLZ6bLmuMaSWrjjHv4dWEof36fv0rgsNvuPuPow0nyMVAtYmDEAaHUTP46+9T8Ljis+Lff+42PpHyrz3Fo9BSjIft2W5CDqIB19vtDyoi7H2Ghm2MgD2Guh057baVUW7gZdBrzGmvofyPnrRHwBgLI1BMnNJ2189x6/OhQ1ppaOYzGEtBMakaHSBPXaehqZgX8BIgyeX7j+/I1FN623gUZzJ+HxDzGf4V9yPQ1Ee6bbHKwTSSpMgyTG0DbnPy2ruUkDwhJezCrgd/IMzK0l4BXSIGgMxpJ8z5VWfSJii5tIHUZQ7bTIMAZoGh8JAikcN7TL3RS3bzXArQjErJJkkAjxDbbL50P43iL3bn81AGAAiIABJHhmSup5EjyrWnWwFXIYW/bzTctBiBERmBze6jYnUmfxpHaXspfwsXMp7ttQw1gHUK/Q/d0NWnBba3rtpBbJm4qk6aqWBEnnHiECtiv4cEQRnUaFTuojbzEcqKK9OgMkvUfPXBnL3rSGQ7OqjzzMBVzxq4l7EXc2h725lPlnMa/lRxj+xFsYm1iLAgI4uNbjSFMjL01jTb0rKMdbu2rjJdVgwPiDAgqTqa5q1o5S3s7iuFFLhJICwPFyO/vUnhuItoSFcmfq5YU/wC6nsDjhlIaHXz5frTOP4aG8Vszzgbj9/Oh5XqQXGtoKOyOHwbXIvZkU7FSAFJ+1IJA8x/xadrezDIJtksnI/VYETB89fQ1nWDxjIQH9m/Wj/sl2oKr3Fzx2mHwgiV5yhPL+n5V3Wn+zGn2v0BGC4ZdzFbSM2VScgOpiSYB3MDbep17CPcLAwlxAArhgUcGNCN5Go6Gj7j/AANQFxOFcMsgqw5How6fePxDMbwgXAVtqLd1QzFSSiugWVgrop0YTIBjXU1zu9/s2M00ReEYoW3KXLZJjxo4GWSIzL/UNtBygzFWIHd2zLoEuJcVABlVny/4ZCa221+IcoI6VT8Lvrca2mIZ8uYa2xqoXMmrtOfWd5GlTbGL7u6LZtrcCBWcXIyuCC5OUKBorb6RFBKLsammiRhsCHtCwpVZAueBmYZu9tfWc5vqka9OhFV3GLbAYy9lJAu2gYgRbZcxYf6sg/4NFFjDBx39h1ayLf8AMAy5rbhrlxw+Uao06HaZnWqfFHvLeItZvjTKCdsyJauewDXcp9JqiFtb6JZOpaIeBvul0JobaWLZUsY+K2gKkzAVjclvY8qtsNhTlz2+8KmDlHgE5pIYW1BiSYk6hpnUVQ9o7AW7iy0hFNi2oGxlFGkf5CTUjgfECgCXAzqO6UzB8VwwmjCJRIA8ifKhyQb6GQkvJoGDx1pURPBbMmFzLPMyQCTMxuZ118p73KE+DY0WzlGVAIUDI7CN9lgEjfyonVwxkAgeYI+QPL9KL6fJfpYrPCto5Br2Q08gp1cPm51WTEME09YRjU1OHf1U4mGddARXHCFwxEzQbxyxcTF52uMttgyrMJkGXxEOCG31mYlh50ds0b0M9tLRYWnVQzrcVQG2h2XMTr5UnMvTfsOwv1V7lPjRhbyi0tsZ9Ajkl5KtIAua9J3Hl5k3Byf4e3nVlYKAQ24jTWCR99DmB4cVzNcS0XBMHNmFskKRkQKCCB9ckmSdtqIOG3m7m3mMnKAfbSlYb579huWuGvcfdqaZqUXpLVYSDbNXA1JaktXHDpammauEmvd2xrTjIrOJQZhlXXQgqo21GwytvuMp86SMKjfC2Vuhn8PiHtmFVWHxnJhM71KyTBUzPI6j+1Ryg0WxyJqmiULbIQOpgHlrpuNDRH2kwiW1R1IJ8K+LUAdYmNgdo96H+DX3N1Vht8x3OigknTXQDzog4nhzeHxBue8NqBrlMEgehpbfF7DW/wAWQP8ArLMILEmByyx55V1PrSAHuIQDHiGUDYiNdV3Oq86Z41w/UOqkED6p/T+1WvZ3DmLQCklszEaDQkgN02A1PSu12jt9SKziPBmW2GEn628EfZIj/modnjtxRlujvFH2jDry0fc+8nTetH4paDZgRpoB7Caz/j3DhqY/Yo4SvTEteUGH0V3rDXrbZtnZjOhBykJPz5Vsj2xG+vIivl/g9l0hlZlOo3gb7EbEeRrQ+yfbe9ai3cBe3pyJA9Dun3jyFbaj30C4uW12a3bXUzptqPflyqk7X9nrWKt/zUlxIS4oAZZ/Ly1GtTOAcdsYkE23GbmhgMI025jzFWOInwx1260bScdC1akfP3arsjicExcDNa/7ijSP6x9X8POqbCcWKHRTPMcjX0lesqxIgAnQqdmHl99Z72v+jhGzXMLFp92Q/A3ofqH009KU4e46MwAuPaxA+xc5jkf19ap+4uJcKgsI1GX13EflVhiuD3bbm3cQow5H7iOo8xU/CcJuCw10bq0aDTQAnff0oU+Ix7Ljslx7E2D4kZl+sDoH5agnRv6h/wAl2J4ZZxSG/ZGoWGtkkMhbTSN9Y02P4ZriOI4hV8JUCTBC7/OYrvAO1V63dVlzFswAPnO0fWE8jQpS/gyVfyXOO4SgtOjoVcG2bTeNQxOebTOpkSXzR5Hel4N3Fy7bK2zbcNb1EkKAVUgtpMEiNoYjnRa3EcPibTBTluW4zLuLotN8Q6nSeo19apbOHVdwK6SOjL3E9nOFXkfvbd4Ar4QAggjQlTbUgFT5nzr3GeGYi1iMOrMe7vteOZZCgtbUpbJH1lhyNdY8tCDs7irahwWUajmPSizDW1u2QDDKZGnIhiAQeRFMxpC8kmYTx253yoFMd9cstA1y/wDhgSCByGdTHnScKhL3o2XEC2D5Kt1bRjrma2P+Kuu1fZ04TE2FynuwWKNGhLLh8OgP9UgNHvUHh9kK+Vjq+KaY+yti3eny1H3mnVrQEZbJWExOZSzjVnICkDY3LmVlzAjRVObQaAeVEvCL6kDMzlhGTVoIiNtB05cqDLJKWBrDLbViSDuy3OXzNWHZTFeNk0XKSsk5fh8JmPiMzodd+lSTi4S5Iqi1OPFh5Zfyj1qUt1RUC25I8UTzyzAPQT+PPfnXi1XxalFNEMlxdFquLnSnhfEVSq3nXRdoqBsti4qn7RupstmIEFYPQlgo+80sX6j8RbPbddNQYnqNQfYgGl5I3F/2GY5VNFfd4xbtqZvW8sAkCSzEzmAIkE89udWGAA7tcpkawfImduW+1UHCuHsxts1ws4QfVkKQQYXNIEmdfKrnhgIN2SxMrOaN/FrppP8Aapscnyi/GyjIo8WkS2NNl65dFctW5NXEY6qzTipTltYFTOHgZtuRrjj1rDqFk71xEHSl8SQxp61CtsRXHHzrCtsYpSXHT0qLTi3CKXQfIN/o2i5fe5/20+9jA+4NRNxDABnYiAYnyPLbkT907GqL6LbQFm7ciMzhfZFnT3Y0QtcMktzPziSfypU4puhkZPsHuKWLlvXNG3UqfIncU9wniSBgNEeMsFjqIgwdj1jSn8ueQTpmiPIST67xPlQ/xrAKrBVUCdSAI2/ZpMoIdGbaD7BZHBXOcx2zAgHyBkj97UP9pMCyhvPT5mJqh4ZjbitkzZlA+FzO3INv+PpRDgeMT4TG+qPGv+Vuf70oba7NUb2gds4prXhZFj7QGvvU9uK2wJJY+QX9aseI8Pt3QTbMNIlTod9Y61S47hrodQYmudSOTaGm7RBXm0jo4Mhi2UyOek/jR/2N+ksMVTEz0zGM07dIYfI+tZniMIGGtQHtsnUr05/3psUl+OgJb7PqXA4u3eTPbZXU8x+Y3Bpy7bMR8Q+8e/Ovm3s32pvYZgUc6cp5dDO48iCK1/sj9IdnEALdItv15H1G6+uo8xTE/EhLg+0X3FuD2r6gXEDDqB4hy0O4PpVRb4KljC4hCc6lbrLI1nJAB8/DpRdlDQynloyncH7jTSrIhgBzkbeUg0Msas1TdHz/AH8YFyoQMvdWiRoIzWlb869wrAp31u4kMmcOdTplOcgfKtF+kPsRbuq+JtkW7iIWaB4XyA8vqmBHSs04Fie7N1mEd3ZczyJcraE+c3B8qU4tPQ9TUkOdn8UUW65AGVBJGgLXGVNyd4LVzEpcfxJcaOYB1H6ipBtC5h2ywrXLg0P1u6Ukx73FPtVUl65aaGmB8x+ooe+uwlrsl8PxxByudeRPP50a9ke0rYZoaWtn4lGvuB9r8duhAa9lLwlYDbno3p0NNYTENbdUeSMwAPMGdAaDd2uwnTVSN9xeFsYyyAwDoSrqeaupkMOasCPxFZT2q4Vcw95UM6d66vBAcLg7gnTf/CBI1iRUzs72qOGvMpJZC5UpI1OaNJ2b9+mj4rDWMbYDQHUhsrc0zIUaOhgkEeZquE1JfJJKLg/gyTE8POX4vC5Qa6aA28x9s5AFUGDxeTLdJaQirExmZgrnURMo23Uc6N+K4Q2+9ttq6OV2+LN3LSJ/pB+VCuLwxuMVyyqvnY7aKtsLp6IwPvQyVqmNxugv4TxJCikLAcj7I5QCddzA5VMvYnVANJbXXpEigzsw+ptsdVYiFAzAENlI5mD58/Wr0XmOwLMpMkaDbfWhwZGrgzfqMfU0ETBQN9q7bURXblv4gRqJ/GlrZkD0FWojGnblXDY896eGFJ2p/wDhGiuZwL4bEoFBV3UTrCkgAj005DWrLg2IS5mYSNYGafGF2Zc3LU6DaDVViOFjvbgZmP8AMUqo2XlqI15nXyqwtYeLluQ5gnKWZj9RlAgnTfoJ/DzYtqn4T/2XSUXfu0XOFClgKdxVrKxApzhOFlwacxyePbavSISLbtEmKusFw/LDMfao2DmQculSbt01xwnE4Yz1FMjAxuK4+KI5022LNcafL4NcqdxHhV6zPeWyOU7j5jSoVpSSABqdB6nalpp9GtUad2UTu8FaHMqzn/WxI+6KlYq6pEmZjfWIaDI61KXh4yLbGiqqKv8ApEAU1iLYVcoMj5TPI/vlSu3YzwRuHWWYk8iCfnqPzpnG8Hdy1wctP71acJtEAnkTHP8AfOjnhnBUbDI2oZlzdZzGR+IoJpvoKMqMC48e7KhhvJ/CkYPiQOhOYdG/U1e/S1hGt4wJ4SEtLOo+sW/ICgt7IOq/KjjBOKsxzaegwwnEtgrH/K/5N/z6VbWOLZoVxI2hoJPoedZ5YxJXRtR+FW+D4iQOVxfstv8AP9ZpU8NdDI5E+wrxHC7d0E221+ydD8udUeMwToSGFLwPEg7Qhyt/2yTPs3P7/SrvD4wP4bo208Wh9m1Dem9BuPYdJ9AlcwqkeZ/KaiNbe2ZE6cxoRRjf4OHJa2SRB0Igjaqa/hSNGBBo45AXEsexn0g4jDEK0vbnUb/+md/MR71sfZjtXh8WBkYK0QFYjU6aDz8jB8qw/s12WxGIzm3bzBSQTrpJMbA0S8N+jrGW2D58h2nl7yR94pnKuhfG+zWu0nhw95v/AOVw+UhGrBMNcW5hrzGFZ2s29dmnNd/9i1sGE4bj1w72rly1cV7bJLFpBZSoIIB018/asxxXAbdu3/D37hUpczNGoZhbRAFPOACf9dDKUe3aNxp9Io+MXGs28Nbja21w+ty40Qf8qpXMPxEXPDdEdGHL1q34txLBqyjuXulUtqub4QqKLa6E9Fnbeh/i+Ma8Uy2ktBVygLpmBYmWjciY22ArElLdfyHuPkVibFy24FtiQdfDr93KrrB2bl22Vu22kDw3PDrHJhP7/Gn4VhGDgwDGpg8swmrfG22jMlxiNdJMj1HOlzklSDjG9i7fBW/iS5y63iw1MwbhYCI3iifsNxK5hHRDdVrbMA6wdBtIMwCPwEdIp3xS/wAWyHQ96CNd5YEQT60i8B+hFKlkkmEscWqNH+kLAlrSXrQBEjvCD/5ZS4FYddWA9x0oFeEuXBlMC2o13YNcvA6HzPyajrsBxYXrJw9yCygwDzXmv6eR8qF+0mBNrEFCTJUIjERmUEXC3/qb3SquXKPJeREVxlxYKcNYLcF0sBbuZpltQSxAIHTwyPSi3CXUCswMhoceYZQd+frQdaBtnDST8SK3RgneRptqxraXwdllKMqBbuZQAApg+Lwkc4E+xPWg4cZqQyc048QS4vjm7+4MxCwGEebMD+AqfwjEE2lBkkEgnfnVd2nwz27pBUEZQFckeIAanTYidQfzqXwC7Fo5iDLTA5Sq/oaphK2TTXpLQXYrpxxqLcAOxpkjzp9CiJjcYnf3NGzwPhDc1EfDqfwrmDx9trgUFnghi7K3hjbMW67+1ReLYVHvW2diFytmAMZjrG2u007bwqLZAUMRl1WXgE6yNY029q82SknJItTjSb+A0wTgAMNKevXw24E1TYfE+BQNsq/gKS2Kq+LtJkbVOixxOKIqMcUag3MV1ps4haOjCc7TrSDdFQv4oCmmxArqMsGsRhXggAwTEHXT0O1V+I7PWhcR8uUqysSuklSDqOetUPBe2WLw5KsFdea3BMj13FGvCO1dnFyBZNu4okmZSCfuJ6V5UseWM049F6nFxaY/cvvAAQkn966UyLTtBIAMyRMRpAECpq4pS0CT4ZkAka+dcsvJjKx6fnvViRMLtWcqATr5dToK0mxayoiDZQoPoBH4xQHw60WvWlj66+4Bk/ga0Ka1GSPmr6XcT3nFsUZkKyoPLIiqR85oURyNv37VYdpcQbmKv3D9e7cbXoXYj7oqvmjXRlHbjk7ikKSNqcL6RypLVpw6LZZS5O35VaYDHNGUv3g+y2/zJ/Wk2wowZMAmf/fFVYZSfs+dA1yCT4hrgsRcyC4pJWYhidIPJht7zVlhuIJchbi+Lo2jex2b51UcAsk4dSSCGncTIk8yfKo+NW4HhVLpp92m5OlTShvRQp2tm3/R+bQsEW2BMyy7Eeo3olNfPGA4pdtQ4zjL1PiHo6mf3yrQuzH0iI4VbhznnAyuPMqTDjzH30zHkrUhU4W7RoJtlZKHl8J2n8qq7nCbVy13d62DJlg2oZm+sG5HzEGp/D8favIWtuGHONx5EHUe9P3mgHmY2+dMkk1aFptMyLtl9G9xGNzDE3LfO2fjUeR+uPkfWghMIQxUqQQII6ENt5GvpEAiRygfPn+/OhbtrwOzdttdNsd4oEsPCxGZQZ6iCdTtSpRroZGd9mfdm+FC4mI1y5cPcYecRQxYv3LTQwkD3P8AetBwtrug3dqy50ZGnKcyNuu/lUK3hLRZQbSEBhMsTpMHkaU9joyrZWYmxbuYhHVoYNZYg7Hw23084qs/iWtuyXNgxExtrz/Wjbth2HYXLWMwxJWbPe2ugTKudOoCgSPKR0rP8ZjGDOj2y4zPDCAfjYQeu1bLG/Jsci7QQcJ4n3FxLiPqpB1/Py39ia0ftJhkxeFGJt/EqOQeYVwO8HmQR9x61iOH4aBbFxiyg6iEzecTIG1ab9FPG8mWw9zPbuD+USIgglcp1O8R7CtxpRdXoDLcvUuzOuL5u7RZOcPbVeozolwfLOPc1e8a7VXL3DgIZL2GvWnt3F0BQB0UzyYZh66VadueyF1MQ1y3bZ7LO1wFQSEAt2lCkDUGUbXpFNdoezB/6W1+0CytbBdQJZSl1SWEbrCmen4O87F3oIuw3Hk4rYZbqZbqQHIGhaPDcTo2hlfXkdIJFy3iHsMjBgEydLoYsA6fgeYJ1ql//Hx/5l5JgGD76Aa+9avxHAh8uYaq8qw+oQJn0Ounn6V1cXoC7VMBHvNXVdqvu22DRHS4mneZpjYkRqPWaHVJqtO0IemIxjgFc5Ik6ctZHPlTV3FIgzNckGfCS23kBuak4+wLlvLs06HSRoZia9h8FbBYyZ03YiYGuukc9R1NefltZWku9l2Pj9tNsnPcKQumgA06Rp90U3nY7Cl4JEynf4zE66AKB90VPtsg2qrA7xr/ALomzKpsi2cK5EnSlfwR5mpffKOddbGCnChscOHM/fSxgbY5002JB2qP/EVwRh/f3NpFwdD4v/sKMfo4sZluvlyyQsHX4RJif81BSX0+xr7fjWl9g7OTCKebS07kyTH3Cph5dv4QSToB+/ypeEOgPlr+/Y0m6dD5mPwFLsjU/vf/AJrgSy7OJnxVvT4Q7+8ZfzozxrEW3I3CtEdYMUM9isPF2455KB8zP5U/9JeOa1w3EOhIaFVSNCC7qszy3rq9LMfaRn/FuzdtxD2wTtIEH570F8Q7LqrkKzASYmDABjpV9wvtbimtfzLi3AP+4gJga6OsN85qKOLsxnu1aBycjeddVqe5x6ZQlF9lB/8ArVwMRJ9YER6zSbnZtwR4hBMba/KavrPFwJlH1EfEDHzipuG45gtDdW7oZMInl/WTXPJk8GKEPIMLwO8yG2o2MSZAMa1Ffs1iAYye+sR1kitKwXavAINMymTJNsnceU07ie1eCuZYuGdAZtv9ozy6Uv8A9GZXoP7UGwRwDm3aW2wM25DRyInNrtXTfmAFJnXkND704Uzsx5OXPsxJ/OuWrEN5ZR1NMu9g9dEfEO5RoQaDr68o3qDiMPdtsClpnPMBWaBAM+HbWi3h+ADlFOzXLYPmC4/WtGtcFXD3i6tIcRqNRHnz3rrrdHXejJuCccv2yDluI39QdT7XI1HrvR5wLt8r/wAu+PERAYQG6bbN7fKr7iRGRjqfAefpQz2kt4G4pNxDnj4rYymY5yIb3BoFLytG1fZofC8ZburKOHHUbj1B1BqL2ltZrNzTXI0ewJrEMLxR7F3+TecH6u4MdJ/IyKO+A9v+8U28SusRnUbTI8SbH1X5U3ncaYt42naEjG2soll26io7cSta+NPmP1oN41wiLxZQCjBiOWkryNUHEcGC2ZAF0GlYqsNrR9I8GxXe2LbqwJC+KDOoEEev61m/b7st3dxr1sDurhkgA/y3Jn5GfvjpQ39GvbW5hbvd3Za2xy9T1HuOR9j5bk9tMRZBGqOoIkbgjYg0cotqvIpS4u/BjfHr64cYa2R4HwtpmnUFpdD6Hwiq2/bZRau4dvhLyP8AVm1/3HXzq9+lHBC01i0RKC0wBJ8Qyu53G+hA9qDcMjW7KMrnS5dHtksmI57mk8abaHqWlZsfZz6QMLcVbd64LV4KuYPoDKgghttQR7zRbhr6FQUKlWMgggjXfbf+9fOPGbKO9q4RDG2sxsYlNuW1a/8ARHBwKnYIx/GCfXw0+MmTzilsk4bsrbwmMOJsDIlyO8tgeFWzA516A6SNhV5ieKWkv27LsFe4M1udmI8JUHrqDHOakcTcgp0JM+wzflQl9JnZU4ruLquV7ktIBIOVsplWB0gqDHnptFE+2Ct9ieJ4+3iRdRWC3cLdcPbOpgkqGHkRlPlVUFoS7PHvLlzENLXCFLP9Zs1sEgzoZjnzq/s3wRMx5a9fKjxySVGTg30TrxEeIwAVJnTTMJ+6klYJynTQ7ATMxyqBjLiPbdC5OZWGgPMHrUG1gDcVZfzhV5A6asZOlIzySmpL2KcELg03QS4e4O7J1+Pc67gafMGunEDrVRgLRtlkWcpBYqcsZhzBknnUsIT9Uf7v7Uz6efpaa8ic8KkqfglG5POkEjrTC228vvp61hSTqw9l/U1Ty+BFfJyR1rwtE9ae/hwDOYn2XX7qkB+lbZjP/9k=');

INSERT INTO publication(id, address, description, publication_type, tariff, time_required_or_offered, user_id, work_area_id, image)
VALUES (3, 'Av. Soto Mayor #741', 'Ofrezco servicios de pintura, para departamentos, casas, chalet, etc.', 'OFFER', 2600, 60, 2, 2, '/9j/4AAQSkZJRgABAQAAAQABAAD/2wCEAAoHCBUVFRgVFRUYGBgYGBgYGBgYGBgYGBgYGBgZGRgYGRgcIS4lHB4rIRgYJjgmKy8xNTU1GiQ7QDs0Py40NTEBDAwMEA8QHxISHzYrJCU0NjQ0NDQ0NDQ0NDQ0NDQ0NDQ0NDQ0NDQ0NDQ0NDQ0NDQ0NDQ0NDQ0NDQ0NDQ0MTQ0NP/AABEIAM4A9QMBIgACEQEDEQH/xAAcAAABBQEBAQAAAAAAAAAAAAACAQMEBQYABwj/xABGEAACAQIDBAcFBAgEBQUBAAABAgADEQQSIQUxQVEGImFxgZGxMnKhwdETQlKyFCNigpKiwvAkM1PhFRZD0vE0c4OT4gf/xAAaAQACAwEBAAAAAAAAAAAAAAACAwABBAUG/8QALBEAAgECBQQCAQMFAAAAAAAAAAECAxEEEiExQRMiMlFhcQUUgZEVIzNCUv/aAAwDAQACEQMRAD8AnDZ9T8B8CD6GI2Bqfgb+Ex/7IDfSf+Gmf64a5fwOP3F+TTzbjT4Z6JY+pyiH+hOTbK3ipkw9HqvNfM/SPpUG4ZweFw9vhDWlWR7CpfRSbgkWLAbidPalxpwfyVLHVeLIrn2DXHBfBhGm2LXH3L9zL9ZqErrxq0WPY4HzjoqA7ip7mX6xjw8Sl+Rr+l/BjG2XWH/Tb4H0MbbA1Rvpt/CZuLHkf4h9YJB/C3rAdBexq/JVOYowbUGG9GH7p+kaZDyPlN+SeTfwn6Rs2438VPzg9Kwxfk3zE8/IgET0Aoh3hT3gRs4Skd6If3VlZbDF+SX/ACYErAZZvTsyif8App4AD0jGP6Mq1M/Z5UbfmsTYA6jLfUmxEuMWw1+Sp8qxhrRsiaA9Gan+op/dYfWAejNbgynxYf0y8yXJqjjKL5KTCL1194es2mCwjOcoF+fIDmTwkDZHRSo1Rc7Kqg5tDdjYg2AI0756Dh8OlJQAABw5k9nEnt9I1U1LVvQ5/wCQx8E1GnqyLs7ZSpqdW58u7l690mPVA0XUj+EfWDUcnTcOQ3nvMAC0qeIUVlp/ycNqU3mkxCLm5Nzz5dw4RYs6Ym23dhrQEzosSLZYkFoUEwWEgDBhwZQSBMEwmgtIEgSJ0WdIEQImQThClMoWgnWEdxH+c3ur+dIOH3jvh4sfrT7vzQzXhHqwKm6MJUHWb3m9TCSHWTrt7zepiqs0NnZgu1CppJCOw+8fMwFSOKkByDyx9Dq4l+Dv/EY8uMq/6j/xGMKsdVJMz9gyhT5SJAx9X8Z8bH1EUY+p+P8AlX6RkJDFOS79i3Cn6RY7GrNUqgMdAGbcBew0knbVZko5lNiDod+9u3vjfRxLVT7rfKOdIB/h27/64x/4r/Zy61uvZLTQo8PtCoRqV/hElrjH/Z8j9ZVYTdJqCcqc5J7mjKrFhh8fUDLYJvHA8dOc0A11JueZ/vSZih7Q7x6zTrGUqspJpsy14pNNCzp06NFCTjOnSiCRIsQwWWJBimITAYQBiGKYhlBIExIpgmQISdOtOkLK5TCvGgYYMpkHqG8d8dxf+afd/wCyR6O8d8k4sfrP3W9FmvCbyFz3RjqqddvePqYqJHcQnXf3m9YqLGtndh4oQLMttDpaQWFBVspsWcE5jqOqoO7tM1WJplkdV9oo4XvKkCeVbTZgcgFtdeZPbNeEpxk3mRgx1acElDQ02yumNao4T7FXJ/BmBsNSbaze00uAbWuL25dk8+6L4L7DEoyNyCOw0udNQOBvz3XnpeGsyhgQQRvHxkxMYZuxC6FSaj3sFKUeWlFqOqC7X10AALEnsA1lTtjaTKMiq6MylgTbMQONgdNx5GZ8ozO27I02xKdqn7rfKM7c/wDTt/f3hKTob0eZMQMVUq1Wdgy5XP3CDob6m+hA0tyl3trXDt/fER1VKNOyMMm3Wu/gzOF3Sash4UaSas4VTc2oepbx3j1moWZdN4moWFR5M2I4FnGKYhmkziTpxnSEEiGLEMFlgsIJEMwSIISBMEwjBMFhIFoN4TCDKuEhJ06dLCKkGGpjQMMGRlIdpHUSbiR1/wBxvyiQEOoljiPbHuN+WasJuwKnBlsQvXf3m9ZyrHMUvXb3j6zlEc9zsxfYvoJVlPtHojh2LYiozKtyxQWAJ5A77E30mu2Js77Vrn2V1PbyEXpVsumxprfKt9y8xxI3GPhTnGOdOxzq9eEqig+Dz7ZmAdnzIpOUqdLC2um/unolNJ2E2WtGkuUBt+ZuJPA927+zOoV1NhuJNgD2C58NDL6cv9gOtGXiSESVP2AqYpXuepdBa1ja5J7De/gJOxeKAUhGGbdprbn4xzYeCKpnb72ijjYXBbx3QlDNoKnUtqT0FjftlbtM3oP3H5S5Cym2iP1T+6flF11aIEdZGbwsmIZDwslIZxJ7m5bEhTNSkyYM1VM6CXR3Znr8DkSdOmpGcScZ0QyMgk6LBMEIEzopiQGWIxgGGRAlBIEiCYTQZAkJOnToIRSgwgYyrSRhwCyg7iwB7iRGWuycXFptrLSv7S+4fymVmLcKFyqAc6g79xB5n+7SxqHVPdPoZrw8HCo0/QmbzJMocYv6xveiIscxftt3zqYhvyZ14vsX0bHYdIJSW33hmJ5k2AmU2vizUe55XU8jqGB7mB8FHOabYFUtTsfusFHdoZktvJ9nVcjUFg6jh1xqPMzoVn/YjbY4cU1WlfctdjbRNwjWym4HZxHheJicAAzC5OpK2vuYlgP5vhKfBuRYDUi2Y9pO74+k1Ja+U81U/AREJOcbPgY1lldckPB7HUAFjY58zDectiMvfuvLhmvawsALAcgIwgj6iPjorIXJa3YWX1EptpL+qfuPoJdnd4j1lLtA3pv3N+WIxPiXTeplsJJYkXC/OTJwam50YgmayjuHdMo01WG9le4ekuluIr7IeiRYk0JmY4RDOnS2Q6JOiGCwgTOimCYLLR1oEK8GUEgTBtDMGCEgZ0W0SQsz6GO0mykNyIPkbyMjRwNGvQIOpmci+UWINwDfThqZct9zu+RlMp1ltf2PD5zTh5SlU19CqkUloVOL9tvD0E6kIuM9s+H5REpxz8mdKPgvo03R5hlYcmB+H+0zvSVi7vly9UqF4aA6a8dTpNHsfCE0WINi54i4sNLH4yi2zhmVsrhBfcy7j2dY2v2TdKLdFJnGco9aTRWbP0dE90tfsIY/zACaXDVQKKMxsMgJJ3aFh8pnMj5i5Nz22PmRxme6Y7eZKaYdtEUAEJcMQSxF2vyB/iiaMe7L7GzezPS8FikqLmRww1F1N9xsbyak8E2dhabMGpZ0Ym6srsrhdABcaT23YtJ0ootRy7hdXa2Y63F7byBYX7I52TsmBOLSu+SfWPVPh6iZ7E1Lo4/Zb0mgrbjMsz9Vh+y3oZmxT0JSRUYcyUpkGi0kK04s46m9MkXmowh6q9w9Jkc01WAa6L7o9JUNGKrrQlzjOiXj0zKJOnTpYR06dOlMgMS0WJBLEgmFaIZRaBgGHBMgSBnTp0EIyqmOKYg27hh9/C+bn5wv+YMMPv4XwVj850v0cvYvq/Aay3B0TvEpR0mww+/R8KV5Z0salZUdGDLmtcLkFwRcZYVLDuEszYLm5aWIeMPX8F/KINNomMPX8F9BEUy2u860F2L6LE9NKGHKYd6bsx0BUAgnU3IvcDfz3QWenWJqNULX1yrlXuWxa6jUcLzy3aGMY4unc9YOFvvF75SdPGWePrhlA5rmtpoGLW04aATsQjmhrwcbFwjRrNR/f7NKi9bgoBJsCd/C5PCWnSnYy43BU6VNkDAhlci+462Yc9d085w2FBBPbPR+h6kYRQwtZmbU65XNx3cIlQcE5Jg5lJpMpNi9GKlIoroCBlBZSpGlrnffhPQKcjqY6DM63b9jpJ2sPVD1T3TLP94djCadjoe6Zes1ix5Zvh/4icQrpFU9Cop0H/A3lJCYV/wH4fOUP/Ob/wCkvixPygN0xq8EpjvDH+qZP0knuaOoaUYOp+H+ZfrNNs2gwRcynQDt4dk8ufpjiOApj9xv+6anYXTKpkU1KaNoNVup3eMJYOK1k7CqkpSVoo2bC0G8i4fpRQb2sye8AR5i8sqGJo1PZZG7AQD5Qv0ifi0xDlKPkhideTWwq9o+MabCcj5wHhKq4IqkWR4kdbDsOHkY2yEbwYiVKcd0wlJMExZ06LaYQE4xTBlWCQhiGKREMqxaAnQrTpVizxBVEMCAphid5lIcWbzow3+GXsqN/QfnMGs3HRU/4f8A+U/lSByR7ErHe14CM1HsrEbwCfhHNonr+HzMaETLSR1qOtNM88oYV6tUBBdzcroSWfgFt94k2F9NdZb4tAajqu5AqAA/gWx+c1eDWjhKVeoqAOUyI29szmygE7gNTp+GZWlSKo7HezEc+M7GHd6VzjfkpqVd2+Buo5RFtvLD4D6kTddCamZHXNfMvZvGvA9kxG0MMVVLggFbr2i+/wAxLXoXj2Wso33twELLaH2Y7930egq0eVpGfRiORMJXnNvY6Nrq5KDTO4sav3t85fI0p8WvWf3jAqapAJWZ5Cp0EEtFXcIDxqLGneaXYj9Ve4eky7iaLYR6q9wg112F0n3GlWEIKGFOebCbQ2hVT2ajjsvceR0ljQ6T119oKw7RY+Y0+EogYUONWcdmKlRpy3RraPSumfbRl7Vsw+Rllh9sYd91RQeTXU/zWnn8WaI4qXOomWDi9nY9Lyq2vVPb/vEOGXlbunnNGsynqsy+6xHpLGh0gxC/fDDkyg/EWMPq0peURMsLUXizYHCDgfMRpsK3CxlPh+lv46firfI/WWNDpDh23sVP7QI+IuPjJ0cPPbQW1VhugmoMPun19I0wlnSro+qurDsIb0hle4xcsBF+LKVZrdFROlmaA/DOiv6fL2H1l6PntY4sbWOCbGODWbfok3+Hb/3D+VJiFm06IH9S45OPio+kHkp+JN2oOv4fMyOhk7aVBma6qTv3DtMYTA1DuRvKJlFuWh1KNWCpK7IW1VuFvoiDOxOgubhfGwFu8ykVs+ltNyjmb6nzlp0mxRB+zSwyAZiToWCi+nE9W15n9mUnd1QPvKqLDTUgbzO00oUlFejz8pZ6rk/Zq9u4S+GsqZmQoAbqMq/fYkndoJB6HYZHdGG9Cc3ePvDsIaSellPIAjm9hmsDcZtQL/GD/wDztM9SqNPYHdqCPmJVNWoq/ouq06umxrar9Y98JXkhdmc3H8Jjy7NH4j4CczLJu5u61NK1yMj6iQq46ze8fWXa4BRrcnylNXHXb3j+aDOLS1F54yeh44RG2j9QWZh+0fWNMIxBEdxNDsMdVe6UDiaHYnsL3Sq3gXTXcaBDCgU45MBrFEW8EQoJZ0W04CKISIKJ1oonSyCRLQohEsoDUG40PMaGS6G1q6+zVa3JusP5ryK0GMjNrYCVOL3ReU+ldYCxVD26/WdKG06M60/YvoU/RiFjgEBRHVEcxYSrNj0Mt9nVHJ09G+k1HR7ovhvsUqiirF1VwXuzAMoNsrCwIN9w5S4/QVX2Ra33UCj4Df5RvQla7M7rxehS1MWlP23VLknrOFvryJ1jX/GKP+qh7jm9LzSfoLMtrmxA0a3A31FtJW9IsNTbqmmlyOs+UZhfcVbwhdPKrsBVFJ2PM+kNT9bUHEsdeNjY+hj3R/KjozjQHMbC501HxtGOkdO1bNw3aa6qbW8gPOdg6m9jcDdw79P74zVVl23AoxzTshekeN+0xDsG06oUHeAEA9QfOT+g+OFE1WKE5ggFja2r3v8ACY7Eu7OWZTc7yhAGmm4+E0+wsKoUFajM7r/lOUUkb+qL3a1uEGo30/2CpwTq2+Tbr0k5U/Nv/wAxf+YHO5VHiTMomOvuy+sNcU39icmVZo7EMEnwahduVCdy+R+Zh1Pab3j+aZlMU195mgZ9T3n1lKpmWomvQVJq3J5NidHf33/MYy01r9FQzs7VSMzM1gg0uSbXv2w16LUeLue7IPlHZ4+xBinEv9h+yvd8zL5Oi+G4q573PytLMdFFyBsPoQNUYkg+6x3HsPwgzkpxsiRkoy1K2nHI2VKkqwKkbwRYgwgZjsa1qEsO0RRJLYZlVXI6rEgG/EX0I8DJYJtIYAh2iCFaREEM4RTOAlkuIZ1oU60sg0Vg2jrQCJZBuJCtOhA2ApdDKfHEX7kb6GS6fRDDDfWc+A+aSbRViLhWI5hSR5xcStfI32SguFOUOcq34XJtpNWbWxiadtz0DC1QyAruI08NPlGahF7ga872lf0Up1Bhk+1KmoS5fK+db5msAbAaCw0FrjjvhbWw1Z2U0632YF8wCK+e9rat7NrHznTtdK7Oa9G7K5aUnJlHtZMzk8tPIA/IzqWEqN7daowPBbJ+UaeckPQC6chx7txMViElG17jKL7r2seM9Iqdqrqz13ysbAEKiBtR1jw1G6N4Ck4ypYkuSEzOmVrDeHNh2an1E9G2r0f/AEhgzpSte+bO4e1rXWy2U27TKTH9CauQpTZMjEM32ihmJPV0KsoGmns+gi3UzLKzRBKDzLcqML0PxjC5wxU/t1qQU9tlYm3hJeE6AYq5d6lFGBGXK9RyvI3K2BHcfCaPozsTEYctndcjZVCIzELlB62osCb+SiaZaa8Qx7zeU5la7mMTYbqmSti1brZ7kM73ta2Y5dOy0AbPojc1Rj2KqjzJPpNzTSnyA7xHxh0PBT5RUqKk76Do4qcFZN2MH+gHcicNMzAk+IAtCfDYg/dYHjx+A3zd/oS/hHhHxh1tYqCJFhQJ4tvfU8yZKoNrN/8AXV9ctvjJ+H2ZUYAl1F+GU/HWbetstW3Ejs0I+OsitsZh7Lecp4VrgFYiLM4NluB7QY8tVHnYyz2eTSRVc3Oi3A3k9kkts+ovC/cY01NxoVPlB6bjrYvOpch43ZtLELrowuAw9oEcDzHYZk9obKqUD1hdb6MPZPfyPZNhh3s1wLNxH4gPmP74WtPs1dbEBlIsQRoe8GW6SqLXcqNeVN/B5oFlriR/haXvt/XLHanRwrdqOo3lOI908e6UTA6rrv1Go1Gmo575knCVO6aNsakatnF7Ee0MCIVixKNDEM4QWcDj3R9MO5FwjEcwpMNQk+AHKPsbE4iI+nePCctSVawSBMQxWnSywLToVp0hDSf8Jze3WqHsBUAdwsdPKKdlYZNWTMf2mZ79wJt8JbJQJuVXIp+8w6x7l+s79HRAzsSLKWZj1nygXJHIWHCdJU/SOO5+2TNj2+zACBACQFAAtx3DcY/VGsqdk7aoOhaiHZQdQozm9r8CTe1vhI1TpEtRqa4fI+e98xIygbjpu3H5TZbtSM+ZZmy4Lvmtl6tva435SLjq6jeQCdwJte28RjG1awTrVEp88iF2t2AyqpYSpVC6sFTNd6rXY5jc3sLacANALazNXllVr6jqSu7vRFm2OpqNWGgHEH4SPV21TFrG/dfdKjadOihAVr34tYAnsEi0tn1XNlUzCqzlpE1qnFK7Lxdupx9DHqe1aTaXMoqmx6gOo42Okk4bYzAgk8Yac+URqHs0ClW3MITYduFvOQ6GEy2ksEjjHR+UKfwwSKi/iHdE/S6g4nxj61zF+1XiIX0wftDS7SqDkYa7VfiBONNDw8oP6HfcSO+XmnwwWocokptMn7vl9Ia48HesirgiOMeFHn5w1KfJWWA61ZTrl3QhXAOnH4/7xkpb6/XlExFO6Hn9JG5bg5Yk9HBlXtfZ1FxdmVG4NcC/YwPtCP0XNgb623/WZatikoXLpnNyS/VZz3lvrKlOLjaSCp0puXbwRMZgmQ62I4MpzKfEekgv8IuL6e4dWUKKt7E5VVFDake1c6XBibIxH6UgxOUKrYj7PIN6jq69u830mOWH1vE6EKrj5jeC6QIgqZV0RM5KLTN+uqkXa+oLceHGQsP02oU2LMuIdrk6rTXfu6yuN3dJ9Hoo2HrVg6XpPSqEtclSxZGAOtwdDp2TLbQ2MmZwNNeqQSbabiD29s0xTW/AFV079vPonY3po2JclaQRUpuRc5mYgrbMf/MY2N0iSqcrDI/DXQ90psNhSgc6XKOug5EDU+EziVCrXG8bpHSjUv7BjUcErbHrghCUmwNo/aIoY620+kvBOdOLi7M2xkpK6OtOhAToJZ6AlNm1Y5R8fAbgO0yVRtuUd7f78TI9CgXs1Vs3EINFHf8AiPfJytO9Cy1PPt3I1TZdBvao0z3ot/SR6ewcKrBloU1ZTcFBlIPPq2h0MW1UnL1VU2J3se7gJPVQNBDTT2Bd0M4hCEbIAWynKG3FrdUHsvaZTH1sUyohp/rSDm0IpJYnrMRcE2scoJm0lVXqmpUNLco1bmewTPiaKnFJ+xlOTi7lBsXo3dhVqnO1xYsLaA5ibcBcLp2TX06KruABMcAtFjaVGFONkiqlWU3dgMoOk4KDwESmb3PaR5HSKotoN0ZZACGivIeU40RyHlCU6RZLL0S7G/sxuAt3ARAi8oYMQmC0i9QMg5RCIZMC8B2LVwSIEKDAYxCJApmxItu4fTnw1hmcpvvEpEZm9rUN+cnJc6Ncrv003f35V+JqbMCkE4csByGa/O1rzT7R2aaikI2VtTrcjzGonnW38BVplVYod4LBnJY5mNzccrDwlygkhkJtme21syniKqLhgOrvJLBSLsxtxIBt26nhu3fRjYD0qKUywIWqaua2VtStwBy6u/S/KYgUnTE4bre3UVLDQAEi89S2limpocttx3jTd2WmepWVO2bZjdZKy3LPbo/Vt3H0nl2ObrHQy3pdKqjZqFYB7oSGtZtwIza2PeAPHfMni8aC56vbHZlNXQEIOO5GxdS+gt7D8Zi8+s0GI2hepZVsbG991jylHiMMV4gwoRtckpXRpujrnJpwNxN1Sa4B5gGee9G6nV8Z6Dh2ui+6PSc3EK02b6DvEfAnRBOma48//9k=');

INSERT INTO publication(id, address, description, publication_type, tariff, time_required_or_offered, user_id, work_area_id, image)
VALUES (5, 'Av. Santa Cruz y Ayacucho #481', 'Necesito persona para limpieza de hospitales de lunes a domingo, de 8:30 - 19:30.', 'DEMAND', 3800, 7, 1, 1, '/9j/4AAQSkZJRgABAQAAAQABAAD/2wCEAAkGBxISEhMSExIWFRUVFxgYFhYVFxcXFxcYFxYXFxUVFRcYHSggGBolHRgVITEiJSkrLi4uFx8zODMtNygtLisBCgoKDg0OGxAQGi0lHyUtLS0tLS0tLS0tLS0tLS0tLS0tLS0tLS0tLS0tLS0tLS0tLS0tLS0tLS0tLS0tLS0tLf/AABEIAKcBLgMBEQACEQEDEQH/xAAcAAACAgMBAQAAAAAAAAAAAAAEBQMGAQIHAAj/xABGEAABAgQDBAYGCAQEBgMAAAABAhEAAwQhBRIxQVFhcQYTIoGRsSMyQlKhwWJygpKy0eHwBxQzohUkc8IlNENjs/FT0uL/xAAbAQACAwEBAQAAAAAAAAAAAAABAgADBAUGB//EADgRAAIBAgQDBQYGAQQDAAAAAAABAgMRBBIhMQVBURMyYXGRFCIjgbHBBjNCUqHwFSRy0eE0U2L/2gAMAwEAAhEDEQA/AOmpi4qJZcKwkkQJtEIYMAhWemKn/l0e9MfuSP1i2nsxQWg9VX+pM/8AIqOZJ+9LzZ1Y92PkiPBRad/qr8hFa2ZdNaodYR/QTzX+NUbMN+WjBjPzX8hDis1aUJmIQVKUFSij7QXLmD6qh/cYultoZoQvJX2H3RqqXNSpavWIWC+9KUi45gwVshqkcsmS09KEoA12knUk6k84Se4EjSWllc4rGQWlMG4DfqhuEG5CQJiXIakGJch4AxLkM3iXIYMS5DeTThWsRAAMUkhCJi9iULV91JPyiyO4kjgExJAHAfKNL3KUW3D6JMtKcoAWUjMVBSi6gMwI01AtwEMnJKyZ5HEY2rUm8zdtVo0tC04PMKS4CQF+sAFAPwBDX/bxVXinC9th+B4icMYqcHo9NbO6Wtrp3uGYjMATlA4xz0e+5AC5zAc4ZCvYMkykkFJfLr612O4l4VrW40Zu1iudMJ4RRrQH9JMlpDm7JJmH8CYvo6zKatlBlFQqNqMgbQVi5S0TEFlIUFJ5gux4bDwJixeJWzsiqpM6Uiaj1VpChyIdjxGndGOUcrsaU7q5VOmi+wkbwfgpEPT5/Iqq9+Pz+xR5Zv4+UWIRjTDZygOyQC517ojtzMdfvEVdnynObuILaurFmG1i2xWtV+4+YgouY8wKsQlOVXEs7bbEePlFdSMnsYq0rTOxJis6pKiFYxIIhDMQhgwCFXx7t1tMjcH+8pvlFsdIig2HnsqO+ZMP96o5b3fmzrraPkjTBPVmf6q/OK1sy6W6HmGH/Lp+3+NUbcN+Wjn4v85nOJmLTZc+cpJBJCU3D2Fw3eYE21LQ6mFwsKlJZjovRYLEv0jZyFqLWubxfHunLxuVVmo7Kww2QJIypgVSWBO6K2hrkcnERvgEuSqxIDjBJck/xAbxEAaitESxLmf5wRLEubCte0QlwxUlTO8GwbhFACxeGSAR18hK0qSpIUlQKVJIcEEMQQdQQ4hhWcmxbCKeTUKEqW3adiVKAOpbM5A3CL4Rv7zPP8Sx8ouVCnp+59fBfcHqZ5AKhsF7sSXsBvJNu+DOSjucrBYKeIlkh5+CXiWHotQzKhKlBYTkLBLKUolgqzkAA3HMcYR1VY6cPw/KNRTdSzXNLX7BtdKO97axhe56ulBwpqDk5W5vd+YBNluBBQeRmlmHKAlhlLKDO4JfUm23xgskdBJ0xp88pIe6Vgv9lvnFlF2kV1FdFGSo6Gx2jcdojWZQhBixMWSOi9AsT6ynXINzKUSk6jIsuz6OFZrblCK68eYaTvoRdNiMqPqr/FLiuHMNVe9H5/YpEs38fKLCtInlziABxJ8osijJiI3ZNULeWeBESpo0W4fuMWr1HI+YgFjRlEzQc/OHi9DJVheR39EZDpE0uFYyJBEGMxAGFRCFXHbxI/QSkfDN84s/QLzB8IvKB+kr8Rjmc35s621vJG+EyjLC0KsvMpbO5yqLpNuBFoDpyjC7RUsbQqYjsIS95LVDbDR/lkclfiVGnDflIrxX5zOZro1mZnKewuclIIINyxA4OAfCBUi81zo8M4hh69KUKUruN76NHVMPSxP1T8o1HFqTcpNsKy2hWKA1qeyYRohWJ1WlBYg3iqU1HceEHPY1TjEp2vAjUT2H7GV7Hv8AFJK0hV2JYb/CGvcvxGDrYazqLclTi8ob4ZGMyrGZe4+EQBYcIkJWkLaDYiH6k9kQRjSjGsEhrVCIKzmmKoCsQCSHBCQRv9bdFqdkZq1OFRuM1dD6rwKnkoK0S+0SEhRUpRSFWVlc2LOHF7mKZ9TTQpwpLJBJLw+5DgeWnAc3clQHEvl5hh3gRXdpmiyaHeIUqFekDMvuGY3tzHa8d0CpF7oanPkxMrDykkesg+I4jfCXHtqLJ9OZazuO2DFiyjYV46jMkjYReHTFKvieDlSkzSplLJCxl1KQl5rvcqcOG1c7bXutlRXChmlYsuC9GacIStSStX07p+7pFNPETlLU2SwdOMdNy/14ASwAAGgDADkBYRac5FG6bnsy+S/NEWQ2YlTvR+ZRkKvFhX4kqDpzPyi2Gxnq2uEzf6auYham6God1i1ZuOR8xCljMhbAX37Ad28xN9zPVvc+gUGKTcTy4UdEgiBMxAGi4gGVbATmrKle5agPsqCRFk9kgIGworEpJSxZzlIN7mwbfHMV82nX7nTrSyUnJLaP2PJmVaypWQJKmzFaVBISPZSWsW8o11l7mp5LglXEyx0pTjbMt2um1h9TWpkt7h+cCjZQR6Ou3nb5lSxXrf5ZWaUQypagplJyFKgA3xF98LJ6WucT8MV8T/kMk6bUZ5ru3g9PUtHRecpcpK1F1FCnP2oug7xO/j4qOIkltp9By1oLMgPVS3SYUDKpiNC6hsDRRUjdmigyTAOjslfpVKzMojKDZx7xHlAoU9Lssq1HGSyjeo6L0ypeRCeqOoUCSx4gm48I0ZUSvjK1dJVJXsc4m1AQsozBVyA1wcpuRvG2BlMuwbTl2hQ8jo2AD0IhlsKth2R2RAGIqP2oIFuaVUEBzXET/wART9n/AHRbyKZd70LxVIBSQrRnfc1we4gRUy9blX68EFJBG4pvt4XGkVF4xweeiahVNMOZKgWJGjF7OGdJ7Q5Kh4iPTUrmJiZTqVLdQKDsBbfZwQQQxhWrDqQL/jUwhlIKuQCfMwuVDZwepqlLLdRN4ME//aCl4i3NMRqOsMoBKgEyksFAAurtEm+0FPhFdVmrDLS5ZsLpexKlD2ix5aq+D+ELSWporSyxbH2ImNhxii9OjaVyX/sh6ezEqbr5lDSq8WCciWSvQ8/lFsNjLW7wSVvLXzTCz3Q+HjaLF6zccj5iFLGjB0Hf8oZFUtz6CQqKDWgqWYUZEkQJkwAANXikmWtMpcwJWsOlJd1B9lr6RbGlOUXJLRCOSWjYh6E3RMme+t/EkxKm5Eb9G0+jQdwJ+JaMFJXl6/U6OJdo28voPlIzS1DeDF81eLRjovLNPxBsIT/l5P1R5wlD8pF2K0qtBNdSidInSvflqSOZBY+LRZG1xMPU7KrGouTQv6MyFy5SULTlUlBzBwW7W8Q8FZWLMbVjUrSnHZjtrRGZiGo9UwLAZz/p/ivVp6sAusEZhshHHUuorNeJj+FszJJnkkllI14hR+UWqN9h8RSdNR1LR0jrgaaegByqUq7jalxFipvcy9okzldLMHXSn7LlSUvtKksPjFcdmSDb5WH1LOY5cpsWcaG+oivkTN4HSsD/AKSYiGQ6V6o5QByGk2wUAiqzBFZzPET/AMSTzT5KizkUy39C64mrskb2HxiqRpjuVarQ2c+6gAcyq5iosSCJKCCFA3CiQeSreUS4UkxxilImolCazKQGU3u//kn7ph37y0FWjsyvow1LabNkVZi7KhphdCm6VXJzdwIY38T/AOhDR1K5aFbqaVKqibNT/TKzlud9zfQEuQNgLQ9TD1Jao52F/EeCVTsptrxto/TVFqwCmJJmn1UjIjj76/k/OEpQa3OticRGpFZGmnrdaonxAxeYij9OvVlfb8kw8OYtTdHPwYsECJI7L8T8oshsZ6lrkyT6KZzT5ws9yylswFZ07/lCjsyn1RzPyh1sVSV2d+lqig0Bkkwo6JxECZiAEGP0ksqVMMsGYiQsoUR2km7Zd0X0pySyp6PcrnFN3sD9EimXTJzFiS5fXQbIrk9R4m2BJyygNoYHmA5+J+EUwjlRbWqZp+A6pl2aGKbi2jqkpzpUsAJOUAkJAAJ0EVTq04aXSLlSqz1ythsjE5Q1mJ8RGf27Drea9SxYOv8AsZFLn9mcpKn7KiFcM1o1xrQcM6fu9St0p5sltb7C1GKr2zPjGZcRwj/Wi32LEfsJZeIqVbO/Cxi6GJoT7s0/mVyw9aK1i/Q1qaaVNbrZUuY2meUlfmkxo0K1JrY9KppUpCurlplAkE9XLCHbeAA+rd8NHcMpSnuwqVQJUolTEW2C4tq/CGz6WFcGtQaXhAQa4SkIEuYgdUE5cv8ASKVAAHs9t90VdB29mVdEspJSpJSQbghiIqYDoOCf0kwUAcL9WAMQ0m2CgEVWYIrOYYir/iaRxT5KixbFUt38i5Y0q6BzPwtFMzTDmJartpUna3jFbLUR0s/MhJ7jzFjAJsP8Jqm02ag6c+WoPOJB2YZK6uR1tBkU6XykZk8nuk8Rp4RKisw03dAOJ1TJ6tKgFrBBGpCR6x4Pp3xdh4ZpanA4/j1RoOEJLM3Z66pMTSGAKSb+Fo6C6Hg53dpIfYAZpcg+i2voT9DjvOnfFFZx+Z6X8PwxW9/h9HzfgE4gYoPVlI6derK+35JhocxZ8vmc9JiwQLp/U7z8othsZ6i98lJ9EvmnzhJbltPZi6Yr5/KFGYbQeq+bKXN3UPdt2QYfkUzvm0O0oqYpNaGVPMeAwhiDACAY/m6heV3DG2rAuTBjuKyk09QMwJX4mGAyCknFgCo95gMKTN01rAso+JEQNiKdiiwWExWw2UYrlIsjEhqMXWk/0kmzhRJuN6i1jpHj62GjUrScpu9z0EKjjBWXIYS8YQWcoHeI6S4Bh+cn/BhfE6m2VFgk4lKlyJi1rSElJALi99E7zyjr08JCNDsU9LWMEq0nV7S2pXaTpDKmTkoGYJOhLBzuaOU+AYZJ6s2riVXogyhrVqmS3kpHtZr2TwLXUz2jzyoxpVPdm9JW+d/odaTzQ16B6ZqSQARfSPcQk+Z5ycSBVaNhi69itJkczESCA+oB1Oh/ZgpoDTGGHVaXS6wOGbjEQNTPTNcoJkqBHWEtY6oZV23ZmvxMLLYK2HOCzvRJ7oAB2pdoVjIiozrzhkAhrDBFZzWukqOIpWlJKXT2hcCx1ixbFU935lpx5TKRy83iie5qpiao1ca7DCFhrTsMzBnOZtymYtws8QhvOrJiA6EqUSWZLFtxLwVFPdlGIrVacPhQzPzsgGd0nnKQmRNSAoTCTlVcgAhmFgw1ubpHGNdOMdzzHEsbXnB0no1u1da9NPQnpVIUAU7mu7gbfjGuKR5GqpptS8xtg+DomkrmBwlmG9yRrq3ZP7EUVp5dEeh4Jwzt12tXu8l1H8wAAAAACwAsANwEZW76nsYwjFZYqyQqrzEGsU3puPRoL6FXfYQ0RJ7o5wDFgoZSh0d58hF0Niip3iSYCJS+JT5wk9yylsxYtUIOw/DpZUiw9o+SYsjsUTTvodTlVN4z3N1h7QTIIjGsowCEOKH0M36ivwmCtwM5uE9rxhmAwqWIAyIlgCFYyIJKAtbaPrGLGV1QpuZow9PtJqNxvMQMrMGZu6PGKc5VM3Nu537JRtyKvWzpcqyDnLAPuYAX3x7PCynUpqU42ODWSjJqLuT4VgtRVgr0QkO6rBn0SNvdFteuqNJz3SEp03OajzY1k9GFAh5gAG4F+68efqfiCLi1GDv4s6UOGuLvcsyNGGjN3M0eZztSz873Oq4q1gFVKlKgBzBOoF/yj3OBxKxFFVOfPzODiaXZzceRvTUgzAvxjeZLm8qiD3iyIjY3qaVKeqYD9tDiJ3AOmGHGauUUqylKNz+0YSVho3sD0CayVlzTEmUkgq7JzMN0K2CzHc7ppSANnU41ZC/yhGyxNDjDK1K0BaXY6OGh47CtmtbOBDQwrBk0ctgQkA8LREDQUdI5naTyHmYqnuX01oK5qwUAuzQo6FlbVMhwbg24xCBGE4imfmCQQUBLv9J9OFoNhWyLGsNCgZiSEqSO2eygKSBftH2tP/bRbSnZ2ZyOJ4KNSPaR0a36efiwro7RTJyc4LS0gJch2IAa+pU2125mNUqmVHm8Jwl4upeStFPV9fBL+/Yu9DuYBkgWDWBLeZ8Yy3b1Z7OEIwSjFWS2R6ogjCmuMAJTemxPVobTtP4BoePMSS1RzkRYIi1dEZKVy1BSQe0dQ+wRLtLQkUm9T3S2mRLQMoAfVuCktC3bGaS2KdMMMIyw9HKTPKJyv21bW2Jh09BHG7LpTLJMY0zdbQs+HGwi5FLHUkwAGlYr0a/qK/CYgGckxSfLSGzZS49Ul2cPppaGY0N9Sx1fTuhBITSk6s6JY18YDUraBjlvqypqqKeaf68yWTvHZ3b44k4Y+m7pKS8HqdGE8PLTYPwrA5wWVJmiYkpIuSGci97eBjJKpVxfwsrWut9i9KFH37jislSRLVLPbUoMTsHEcY006WHwSzN3kVOVWvotEV2gwxCS6mUdm7m2+M2L4nOorU9PqW0MHGDvLUvuEr9BN4IA/ujS23w13/aytRSxi8/sDPHjrHbN5B7SecCXdYJbFV6Z1M2XNl5JikgoIISSLhavzEes/D7ToST5P7HH4j314oeUEhRloJWolSEO5O1IUo/vfGTiOOrUa04xl5F+FoQnTi2hiJNgcxtxN93zjmS4liHDvu/maVhqSl3UFrLrlu5sNvEx6TgFepVw7dSTbzPfyRxsfFRqWSCMUm5VgAeyPnHZmY4vQPo1ZkXHwhA3PTsPlM/V+AhWh1Ir1d0pNMerFNMWNhSzfGLIbFcm77Cap6eKf/lJo5tDC38B7g3SmVODXSr3VBjBIrMi6THtJP0RFNTcvpbAGZ0EQo3MRVa2fcbERERjDo1TBKVrAZ8o5+t+UWyXuXK/1WHElKisOBl2g3tFaGaTVixUNQASlT5VBjrYbDwbX/3FkWVtWCKGWUrmg+yUoG5XZzlY4HrEj7EG1kBvUzUwLgE9dBCVHppKJlJUNEuT3sB8YshzFnpY5uoQxWi2dFFNJJ3rV5JhuQl7Mj6VzHQP37SYVlid0U+ZEFZcuhf/AC5/1FfhRDX0Iiw0huOYjIjYy00Ggi5FMhqmaEpKiWADknQDfEFOedLOnhOaTTWFwqZtOw5RsHGLIxS1ZHoc/Ut7mIIavECZEAiH/RzFik9SpRyLNr6K2d0YMdCfZSlT3NmGnHOlId9I0qRLRNlAgFQRNyjMUfSA2v8AnHlMLPtako1Xd2bV+fgdmqsi90rYrZ2YgZrE+zszIy7PdzR0+xo2Tlb187mbtJ7IumDzpxw+eQ/W5Q2juF6XYaR0rUVh3F92xlTn2yfPUWLn1hMwpCw7kBQSAlJRLYIf283WeEecUMKoxUrfK+ru9/DY6eeq72HeEqW3bzeucuf1sj9nNx1+Ec/EqGb3emttr87GmnmcdRL06l9qUrjMD96SPnHf/Dj9ya8voc3iUe7Is+GIPVyrf9KX+AOfh8IwcZpzniXli/Q0YOcY0VdkuZiExx5wklqmvM1xnGV7NNk4PpEch5mPWfhz/wAaX+5/RHE4j+Z8g3Ej6QfVHzj0Ekc9bDGiPZEJYIarSAEUz6BCySUuYZAFlThMvYmIwAK8GAUlYGheArhZ7pOfVPCEq7l1HmKqeZaEQz3E9ellFtDBRGWDo+gpkG9nDfF4tl3Cn9YbT1LsAkAnadSeUVosY+pUMm+phkJYY0k/Mkod1S/ikM44lL/tocVoGqJkAAoxBVoDYUiiY9LqZzEJIQH7JJD32jQ6bYMJBmhGaED1pbcW/Yi3MVuIdR1HVpypJAd7s3k3xixVVzRTOhm1uQ4yVTUBgC25g9wd/CBKSexKdNwTK5NoZg9mAO9izdFxkksVAHOot3J/KGyNmOq5X0HlEu45iMsdzrMt9DoItRSyt/xOxFSJMqUksJhJU20JZh8fhDQF5HMs0OIeeAGxs8ANjwMAljIVEYU7HRMBn/zEgpOq0FJ+ugOk/AHvjw/E6Ps+JzLa9/k9z0WHn2lHyKpNQF2USNRYtrrG2MnDYrlFN6lv6P5FUU4FXYOQO+rrDX5x0a0pxwsmlrYy01F4iK5ak1HSIlAhAIBLlyTfvjydWrKo7yOzCCjsFIVFLRYGT8NM0LmBIWqUSoJtmNr5Xs7cRHo/w7C8JvyOVxKooxinsJqbG3l5krCEu7r7IDswd7R6F6L3YuT6L6/I8TPiNWtW7Gk0tG7y8NbLzCFYpTJ7S5stKy2YFYBFrWJtHmuI4TiNeq4KnJwTdtNP7Y9TwaWCVNYmLSnNLNrz6Wv1GklbrlkFwUpIO8OWMdDglGpRoyhUjZ5no/JDY+UZzzRd1YIxmYRNt7qY7TZgWwdQTzlEJcIzXO7MC4QeTMd4KYAauUprCDcAlxKfNVLUAkaQGwlbpZk0y5omEnKsBDl2TkDt3wky6lo2RU07ZxhEOweuLmCgMcy6wypFM6TkmrUgqGgWWyAjiMxf6Ji56xKL2kHUMzLM47IqRayzUZe53QUwPY9TrypC0aiZOIfb6ZYUC+wsfhFl+RW92b14FlJ9VYdPDenmDAZEhJVritliRHTm0AaR6bSoVqkeXlBuIKqro7KU7dk/vaGMMpMGVCWb0WULoKtosQdC2hY/GHUxXEWT8MnI1+Iyn4/nDqQuUHyTE7D3OPJ4bMxXBMfYeq45xnjuaXsXTDzYRcihlI/ivM7cgfRUfE/pDRF5XKQhYaDcFjExYJsGsH57TEZEYBgBPExCHngXIW7oNPYkblpPjY+QjzXH6d1GXmjscNlvESY8VdbMlIGq1AnYlLl+9oOEUezVSXRDVm8zii3YHToOHz5ZJCewH2hiCD4iNlWtJUHNLUopwXaqPmb4VXFQKF2WneQStNmXbe+6PM4iiovNHZ/w+h16M7qz3GSVRkaLjOLVE5K5AlTFIC5qRMy+0jqlqKTwOVu+O9+G5WnUX/z9zlcWXwYvxJzg8udSz5KZaQooOSwspIdLd4Eevw88lRM8t7JRXvKKv15nMaFOchyxskEgEpGxnGyPTqnCNNystDm5XnUFzZ0zASclPmUVEoSSValyoh+4iPE0qqqVarX7mvSyPVVYZIRXgMcbbrbkeqnUp+cXyM8dgigygDTxTChGqyG/URAkVPt/SIQgqz+7QyAIFTiJjFVjszBvAQbAuaYnTJSFFPtM44gRXMtp7lZm9kvFSLmYnXIhkKy24XJRNoFIIug5weMtfWJI7gU95i5P3SmS94BDlQUks4iktLXQuJaSrU7tt4Iu5HSyjLlS0EuU9YkneUzVgq79e+HZXuyekmBeaST610HcvdyOkFO4RFVEgkGxBII3HaIqZZE1krgBZOlcMhDzwQmqfnEAarEQlgGbhsol8gH1SU/hIg3ZCvYaq45xI7jMvGHaCLkUMoX8VT6eT/p/7jDIHIo8QUyDEuFIzmgBsZzRLkseBgBsW3+HyErmrSralweIIaMGNowqpRl4mvCzcLyRt0t6Pppck3Opa5y1mYrTa6co2M7cYoqUlTpxiuWhfTm5yk2McAmD+RmOpu0i/fZ2ivEX9nkkugaX5y+ZrWU6iEzkOJksbR66dqSH2+Ijg06iTdOXdf8ADOnOOmdboZUlUmYkLSbH9sRvjLVpunJxkXQkpJNB9YRlzbQEkeBT846HAXbEtdU/qjncWX+nv4k/R6r7bPHtEeZUr6FGxXDxJrZ0vKMufMn6q+2PNu6O5QwzxFLPOba6GWtX7OaUIq/Uvkg9uW3up8o8dgVaVVL/ANk/qeixO0f9qC8WPpNFeqnTI2nG8dCRijsZp5qtGX4I/OFGGfXFtFf2xCHqeYb2V/bBAQ1Mw7l92SCgCWZNVn0meMuCQ1xokochVvey/KEmuZZT3KvNTmtvimxegWTMyqZQ0+PfDIVl8oDL/llqlk3QSQdUnKxHHbD8ivmIpM5KGcuyvne8JcdIs9LXpWodlkCzqPg2V3iEehrOqHSgu5OcqN2zdYsHK+xwW4NDsqS3F06pILjZATsx0grF1CbLTUp1smaNyvZXyUzcxDSV9USLs7CmTO4xUOydE2CAk62CKZC4JDxXEIYeIAqGGHtDnBW4xesN0EWopZSP4mYUeulzAVHrAAx0BBYgHZZi3Exmq1uwld7Mvp0+1jZboqx6Oz9yfvRmfF6Hj6DexVCM4BUe6Pvp/OD/AJXD9X6E9jq9DIwCp2IH30fnE/ymG5t+jD7HV6AdXSTZJAmS1JfQkWPJQsY1UcTSra05J/3oUzpSh3kRJVF1yuxaOhAPWlTszAtuuT5RxeLV5UoxyPU6OBpqbdwHpLik6dl62copSSEhKUDXfv0HhFlOvKokmkPKmobcx9hTDDphMxaAFJOZBAXYE24loFRt0naKeq0ewsEu0V3yZFR4b1mZ6iqdJZQM0WLBWqRuIjkVcQ6dvhw9DfClnXefqNsMoUSQUpKi5clRzElmjFXryrNOVvkaKVJU1ZBmNz1JpypOoSn/AMgBg8NqOniU14/Q53G5OODk47pr6orWH43NSoEN4frHsaGIc3qeCni6kVdGmMYm9V1sxj2UOAzFgwF3j2GAko4fV9QU6k6+WTV2XXCqgzBImFOXOhKsu4F22bmPfHkY4eFCclB3Tk36nrZ1XUim+SSGuPUvaQoICioXdTeqwHnF0ymK0AZUsj/pD7/6RXcNg9bsPRD7/wCkG4LEtNLU39Mfe/SJclgaslK/+Mfe/SGuSwhXRrzv1SfvfpEzEt4E1XTLKSOrAcagud+6BJ6DQ3K9MLFu8RUXDKgRLnEPZWh79vwhkAJVJmU4Wh3RMQoP3ecAhnBZnWpT2UZm1UAdLbe6AQs1HKIa4tru43OggoDOW9Nsdm/zCQictATJlFSULIAXNCp6tNf6wHcIuS0Km9Stqxeef+vM++r84OVAcmW3+HvSPtrpahSly5wKbqOZiO0kHUFu0ncUn3oa3QidxfiVVUYfUTKdZ6xKbpV78tV5cxJ3KHgXGyFlTW6CpvmNMN6SS5jB8p3GK3Gw6Y9l1D3eAEJlzIhDfNEIezRCFWwo9oc4KIXzDDYRailiX+IkmapNOJctS+2fVBLFg0Y8ZTc42Rqwskr3ZXaczLhRIILEEXBGojzFWEYu1jqxdzaapQ0PwhYqIzIevWN3hD5IguwyTPTMSZcxIUk+sg+aTsPGKnGVOSnB2a5jNKSsyq47gKpHpEOuSTZW1BPszPkdDHosFxCNdZZaTXLr4o5VfDOnqtht0WknqJyklIUpKkpzFkuWSHIH1o53FaqdaEZbLe3qa8FBqnJrcruICfLUEzpeVVjcdkm4Kkq0bRuca6XZTV6buv7yEm5rvIt2DzFCgJCcxzodNvdU+sSso9jJN21X1BC/aJ26gdHNqB1aBlQ2rdXkUSpJBISXDpzC20RzqkaLzSd363/tzXGVSyS0HOF9cH60vZPu+tfOzez6rPeMNfsn+X/Vy+Zpp5/1DarlhcnKoOClT9ynivApe1RT6/YrxtKNXDyhIUSMJkC+T+5X5x7GEYw2R5Z8Mw73X8marAKZZzKluWb1lbODxp9qqZct9Cyjg6NLSCGXRu2VLlkqypcuyUgMA+wRVGTb1NE1ZWLVX3UHcsLcH1i2e5VDYiQgboUcncaRAMkpiLjaPLYYKAaTxEILlI7UAhKURAlXxPD+0tA1HbRyOo8XhbFildCimmKQsHaDBRC2TUFaQpBeVMJce4ojtDhEAVrD5ipSlINiO0niOHjChLzhKxMSlaF5TZ0s9xrYwyAVLEaTMpzLBKUoQ4Ab0aEotw7NjuaCKKZ2G/8AbbuiEBJlAzFKWILuHBBGjbBEuSxYcUoxiFGFN/mKUE2F1StZiANuU9sDdmEWp3QrWpzybTFOx+MLcFmgmixObLPZV3HSBoMmyy4b0lSbTAQd4uIWw1x9Jq0qulQPKIQmSuIQrWFntDnBRGXzCzYRailj6SbQRWc0xO1ROH/cV5mPJ45fGl5neov3F5Ay1RkSLWRrTDJkIFAiHTuAMoq0hwQCCGUCHSobQRFcoWeZDXurMl/kUZMsjs9p+rUdNbIUdQ5NjCyrzc81XXx/5DCCSsiNSlBJlzEOnalaXSe42iK180Hr1Q9rqzN5cyWJZldUkIJdkki7EW3WJi3tq1rZvURUoXvY3k0smxEvS4L6He7axRKrV5yLY048g0FO4/e/SM7uWk/8ynLlylr7d+uyBDNCamnqCUVKLT5gyqlCdEn736R1I8RxL5r0/wCzJ7HT8SM4inYj+79IsWPr87en/YvsdPxJcMrUyzZKj2irUHVraRdT4pOL96KK54FSWjLVKqjNLiVMAIF1JYeMb48RhPVxaMcsG4aXRNoWOojcmmroyvR2Z4qEEBs4Z2dvLb+fdEAYUrvGzlzhiXB899PjAJckI4RAibpAyeqXtSSD9UgP+cBhiwebQpmZVhnfuIg2JcnpaNUrMUqDEHMk6G3nxgWBcHp6SXUJCVHKtF0LGrbQd4hC24RRUE2QsK61OXMHF+05Zh9LSCgMMVR2AfQAeAhhAOfSQAi+fSQAnsPWuRMExOwjv7v3qYMXYklcXdKcGShfWyk+hmgrQB7B9uWfqnTgRDSEjroVafQDUW5QLhsBLlKQb+MMmK0SyqlSS4LHgYlrhHVJ0lULLD8dIGUlzSpWUylkFixuIA3M6JgZ7COUWQ2K5blhkm0OVs5vj1qqf9cx5fiC+PI7eHfw4+QDmjFY0GXiENZgtBQAZSmMWpXBclFckB1FmhOxlJ2RHNRV2b0eO5wQFEAe8zeBhq2AdOzlv4Ap4jPsTKrhqerP2R8opVJ8rlmdksnFMr5cofXswksPm3GVRoycUG4fdMT2dh7Vnv8AEQdg+6YnYMnaMllViHulJ+xCSpS5P+QqbG1DPlHSWDylj5xlqRqR3f8AIy1HEiqI9VBHIJTFLrVF+oDpII69R1+JJi/B/wCorxhNt3fUqqxUIOSNVTD4x7yMVFKK2OE3md2eTMhhWSImH9/rBJYiK2JHeOW0d1u4w4oOZl4gSRUzhCguVvpLUrzhDsnK4DakuDfuaFZZHYDwjEOrdCyMtyH2EcfGImF6j2mr0KS7hspPcBf5w1xbC6mqQlaUuAVWuWudASdL2ios2GMicpMxKVpLlSWBFwU3LHkD4Q6ElqNlL3+MQgNM/ekQgFO2wGMCrQIhAmgUFpVTLsFnNLJ9maBbkFaHnwhlqrCvR5ivVmHByGKS5BG46ENCbD7imdSkWMFAFtRRDYWg3FsAqlKSdPC8MpAaY5xAtKXy+cKMdDwA+jRyi2GxXPcsclVoYrOcdJFf5qd9YeQjzfEF8ZnZw35SF+aMNjSZzwLBNFTIZRFuCVdUlFtVHRI1jRRoSqa7LmyqpVUfMglUaphzTLDYkfOLpYiFJZaXqJGm56z9A+XSpGyMUqre5oUUgqVIG6K3NjJIXYLfPzjRieQIMbZBGS5YbpliFciJBklAAeKZNsdIa4NGTEDocIEY2BmFqYHwjt8Cp5sTm6Iy4yVqVupAmZHtDiGOu425PBI0bpqO+ImCxFNnONQ4uNl+e7ZDpi2FtZjUqSOsmLypJ+kok7gkA3F+UEIrq+m9MlLozzDsASUh+JUXHcDAsCyKbinSGfOXnUvIGZKE3ADk7dTfU/DSJlCpCteITVOM54gWJ5sHge6iZmMcCrZvXSyvrVIBuO2UjskB0i2rQkpwS3Xqho5rlrR/KzHJnIf2gVgEb4XUt0GuDY2hcxFOiZ1xScwW3qJAILq2hsw74ZaCOxZT574gAdSG3tyuPziEBpkscbwBgfqoASGbJcNpxtY7IidiMCqMYkzlAFfpvVmhrFaeyFOdSrzHGNnsdWVN1EtP5MvtVKM1Tb1ZpOpxoYxXNYtqaAbIlyWFkyQxv8oNyWC0SUqOVQcHURYkVsvGElkgRYipkuL44iQg3GZrDduJgNkiuZz5dUZi1LJcqLx57Gr4sjr4d/DRgzYyZS65qZu0wVEjYBUYgS4l6DVZ0HLeY208Mo2dT0M86zekfUgpK6WhiULJPrKscr6Pzh6tOpU0ukuSEhOEdbaj2knhacw+Oo5xzKkHB2ZsjJSV0ECKxyaSbwkgoT4IbqjZieQkGOQYxWLDdBhWgoLUpkxUlqNfQZ4KbxmxI8R0iMLIwepVs749bwCjlpSqPm7ehzcdK7USER6C5zrHiw2RLksYt3wbksRTE2OsS5LFfx7C+sYEAgk5bEspr6EageI4wLhylZmdEzf0lvqEcvbg5mDIj0jo7LSe2pR+yG/Fd90FuT5gUUMZdJKSpK8yxlNgFFCfuA5fhFMqEJJposjKSd0z2K4jKRLUU5ysnsutbAkM7OzDVmZ4Sng6UWrRQZV5dSuYVNyku99Y6VNXZjqPQtPQmkUmszBQCciyRvSSAAB9Yp8IlenkBRqKex0JR4/l5RmNJGru8IgAOck6jv4/rAYyBphsz/FvjAsE0NxsPjACUHpWJcqodK+0ovMSHIQbe0+p1bZ3x2cDWnGNpbdTk42nBy036DKk6VSywmyFkv60pQIynblUHfvLxnr4CSk3HUvpY6Nln0f8DhKpcxPWSlKZ2ZaGIJfkO6MNSnKm7SNdKtGorxd0Cqk77936xUXAUlXaEaIlDY6qsbTIl71bB8zwh2xErlPq69UwlSiS5eEbHWpmlmRwsWvis6VB+4j1RVpRcn9eUV06MpuyHlUUdwVKVzrq7KPd2nnGjNChpHWXXoU2lU72wPUKUtXVoSwAsN30lD5Q0Eks82JK7eVIlSshBlol5gbLJuL6qd7ng3fCNJyzylbp/wABTajlSN8LnmVMKFnUgH/arv8AzgV4KpDNENKThKzLCFRzLG4llq15HyhWtUErXRacSqY5J0+cdfiUIKMcqMmGk23csEysSmxfuBMcqNKUtjQ6iW4TSzQoBQ0PdFdSDjoyyMrhNQuwEVQWozY2wNV4x4lFkNh8iMtKk6k1BcyTeVXIqiWM3cN27xj6FQoqjTjTXJHBlUc5OTIwgbz4RaA8w4P4RCGGGxn3HZvbjEFuZKf3x7ogSOZShQILMdt7cuMEhGilSRoHFiOPjozEcxEAyGbQJfTT4dz/ACiBQLNwqWdjPACkIMa6JrWE5VoDE2USnVtrGIm0CUbgaOiU9CS8wBKQ5yTVHS9h1NzweHVSa2f99RHTjbVAuD4gmQpSpZGcjKTML2cFmI5eEbaVBS1qSucvE42UNKUfMajpXUGzy/si/wAbN3RcsJSMsuJV7aJen/ZKvpXUNZMsb3zKfwVaB7FHqN/lZ/tRArpTUj2ZKu5Q/wB0LLBR6hjxSd9Yo0V0rmm/VIBHFYHJymE9kXUv/wAk/wBq/vzNV9KZxsJcsfbmKPcABeIsJG+5JcTdu7/fUr/8skuSCre76nXUOe+OhmVjmOtO90zZ9EpHAAb/AJmKp1LbhhTlN9S2YDSGXLOZQzKLkBQOXYBazxy8RUzyud/BUOyhZ7sNUA+vk0ZjaUqsxPq76nZGlGcXiqVMOZRvsgNk3Ngp+AAcncOEAJAvFG7KUsdOA/MxjqYZSm5SehojWaWVBFDIKu2u6vgOUZa1WyyQ0RdTp3eaWrG0sRiZpQFPoF51LQ4zassh7bfjF8a0cijLl4FE6cs10DGhnJOZlPvzoPwUmLu2pPTT0ZV2c07hVLRqWt5rlgzHIx23ygaaxTUqxhG0Pv8ActhBzleQ6SYws1EgVZX1VeULbVBvoVjor60zu+cdrikUox+ZiwzvKRZVSEkuRfvjjKclojbkTCqUNYaRVPXcaOhvVLuIWC0DJjrAVXjDiloWwY8mrZJ7h4mL+DU82LXgU4yVqTMVi2LnRkx7ae5xKexDexfW35fOFHN1ggA38T+cQhs9tTba/e0QFjQLP0iBqX/V4hDCpjBzsH6xCGAsOFDayT3nsn4t38IKIbVKNLeTueYiMiNJcnblB8IAbmZkhJ9kfPu3QSEH8sQzMD3HWIiA1Vg8mafSykqJtmYBV+IY/GGU2tiuUIvdCyt6CStUTFpHFlDXcb/GLo4iaMk8HTfgLJvRKoT6s2WpveSx8lCLljZLdGeXDYPZkH+AVvtSkKHBSfG51i2GMT3RmqcMaXus3X0bqnAyIH1lPz0ESWNjyRI8Lm92aDolN9pcsObZUknxs8UvF+BrXDrW94lldEgCypyi+5KRfZw8XEVvEy5FscDDmHUvR+TJU7ZlNqsuW4MGHICKZVJS3NVOjCGyGcqUGsG5N8YrLkZmPZoAx//Z');

INSERT INTO publication(id, address, description, publication_type, tariff, time_required_or_offered, user_id, work_area_id, image)
VALUES (6, 'Av. Heroinas y Lanza #654', 'Empresa de industrial requiere personal de limpieza con experiencia, que sepa utilizar maquinas, con preferencia varón.', 'DEMAND', 2900, 90, 1, 1, '/9j/4AAQSkZJRgABAQAAAQABAAD/2wCEAAkGBxMTEhUTExMWFhUXGRcXFxcXGBgXGBcaGxoYGhgaGBgYHSggGBolHR0YITEhJSkrLi4uFx8zODMtNygtLisBCgoKDg0OGxAQGy0lHyUyLS0tLy0tLS01LS8tLS0tLS0tLS0tLy0tLS0tLS0tLS0tLS0tLS0tLS0tLS0uLS0tLf/AABEIALcBEwMBIgACEQEDEQH/xAAcAAACAgMBAQAAAAAAAAAAAAAEBQMGAAECBwj/xABLEAACAQIEAwQFCAcGBQIHAAABAhEAAwQSITEFQVEGImFxE4GRobEjMkJScsHR8AcUYnOSsuEkM4KiwvEVNFNjg0PSFiU1RLPD4v/EABoBAAMBAQEBAAAAAAAAAAAAAAECAwAEBQb/xAAyEQACAgEDAgQFAgUFAAAAAAAAAQIRAyExQRJRBCJhcRMygbHBkeEFUqHw8SNCYtHi/9oADAMBAAIRAxEAPwBV2gcjHNAklmX1GQd9jpvROA4xdsgratQCZIC7nqepoTtK/wDbC37aH/MCagvgh2EmAY38SK6XscnJaLHHMaR3cOT/AOJT8RXNzjuLX+8w6g+NhPuqh38Qwnvtv9Y0zwlvMGJJ0UHf9qPhSWHoDcTxu+znuIv/AIQPeKl4XxC76ZFeCrMAQogkHx5eykuCYriGkkhWOngGWfcTVv43hQIjT5S8ummim5l/lFMmBxR32uwa2myojICmchomcwnYDoKtOBw/ppM67+zSqELxbDoWYlovqZJOgYRqatmHvxatsebge3N+FGGoZaIe8XwRYIbksEEZZAzL0JEGlOBsKlxSFyKHkDXQTzmrlYwlsyMo0CEb/SFB8ExMvcRsxCtAMzAjnNB8jLgRfpJxKPaTKwP+9ULgd9BfQ+lRddTmG3Ma17bxGwChGSQRqe7p41XB2Pw7nOUsXCOZQA+RpoZKjQs4W7K32mxOGck+mtkrtDr+NebdqyjX+6wIyrqCCK9S7TcDw9sgfq9rvggZUXT3VSuL8BRrxK21VMoGiga86bgW9SnQsHUc6sWGupCy67DmOlDYzhRNtptIAimCAAfM9TRuF4XZIUm2uw5DpWQWNuF4u2G1uJEH6QqJsYn11/iFTYDguHKvNm383SVFQHguH/6Vv+EUwjRA95Z+evtFTWr1v66+0VwnZ+0xgWrfrAFF3Oytu38+xb2B0ynfrTJiSXuL5RsTbg5gEf5pnpVhtcIuN8203r/rXNrBJas/JqE74+aI+FP75PorYnnHty0ssvSxo4epFaxafJjyj/KtbZg6LcGzL7xMjzqPimMKOllkJM3M0GCMkKpEjUEjemicFNrBi6s+iuHMFYgsrHMGGgELpp5VBPcs1sdYDW3cH/b/ANVs1UOKp8m/7y38Hq18IbusOts+7Kfuqt8XXuOP+5b+DVmaIHgU+THm38xofEr3qPwCfJD7TfE0LfSWpSgqZNW86sHF/wD6dw5f28Qf860lK/O86fcYT+ycOWOV4+24fwocmexHjV749XwFcdsB8jY+x/repce6l1KkMOoII2HSoe2I+TsfY/1PVZEluir2V2okrUVkfCisulRLGlXQVlTRWU4o67aJGJux4R8aHxrd7N9YI3tAPxmj+2dv+0Xj4Kf8opZdabNpvAr/AAtp7iKZ7E+RLiT3T5094QZVv3Xwg0gxHzT5/fTrgDd3ztuPYBU1uUexyU+Wuf4j7gaufaC6pzZSCVvXQw6ZhcMHoYIqr4LCNcxXo1Es+YAeJt1duMdl8Qq3L5yMWcO6pm07pEiWI2OulOI9yq2v+Vt+eK/0VYLr/wBkVhyuJ/8AspBhLZbDafQ/WCfI+jH309InAeTp8LlCLC0em8NaRPVLJ91KOA3P7TeXxb3Uw4I021P/AG7P+qk3BWjHXR+29PzIC2iWjGH5BvsfdQXZr+6Y/tn4CjMYf7O32Pupd2eeMO5/aPwWkS8r9x2/MvYU8Svlxcnk+ntIpFfHPwnamC3s1t/3h/mNKlec/hpXU1SZzQ1khNxxYtXBGpQmfVUOHSbdv7C8vCiOPmbdzpkPwrrC2/krZ37i/CpF+TWGEeuu1sjwrcDpWgjNsNOtAZmWbmS5miYAj1zUuIx0xGs6V0Fg7qCE1BMcyKAfHH5O0wSczRG4Omh057ihSbFd0M8R/cD94B8ak4xdIe2mwQF21yn5oWPjQuJu/IAdLlTdp75dzNpVdkXMVLNIObYEQDrB03g1sm4Mewq4wpbGXWvXINsWrZDsSQWXO6qeibU2x/6xcVHGVcOqBSshSxjRlSZMypkdaqGJdnd3zHvnM6HZ2ykA6bCiMPjHbKswNo10jlr5VNMZxLFwTU/+N/5DSLiad1/3lv8Alan3BF7x/dv/ACGkvEBo371P5TTMWILgf7r/ABN8aHuLJ060bhFHoh9pvjUATU+Z+6lKCrLv50U3Hb1wWkt2vRnD23trcksJuZgW+ZBPeI0NaS1JOhOuuUEmOcAClVw3IKhroa5lQSrKqh5DRGjKWywx6Vul1YVJWT9m7CpaQK4cyxYqToeQ12MRTLttcj0C/wDb+9qG4TwxsIpsko0lmY5diO73WOsaf0qPtzczXbIH0UX3yabZE95CmzodaP5UsWW9WlNUXQDwFJRQ7ub1lSXF1NZTCDrtzcy4gj6yr8B+FKLZnDsPquD6mEfECmf6RxGIXyT/AFD7qSYK5K3V/YLetCD8Jp3wJ3F146N+edNez7aKPBx7hSV33pt2dOqeZ94FSRVje1xpsJeN1FDMVC6zpO8eyrPw79JN0jvWEM/tH36VR+PD7vvrfDuVer4Pw8MkbkjyfG58mN+V0MP+I5bbBVAFx76x9UNlYR5RFWOzcnBuvR7Z9qtVKvHRf3z+9at+GB/V7nna/l/rXBKKT07s74SbVvsvseldnGmyn7q18XpLgWjiL/vG+Bpl2WufIp+6T3M9KsGZ4g/7w/BqP+5hXyot+L/5c/Y+6kvC7sYW6eh+4U6v/wDL+a0ouWLaW3t5oDkbkTp8PfSQar6jz3+hWuGNmtHqXPxNDWsFd+UPo3ifqt+FWHD4ixYXLaQSDqd21me8TprNcN2gedDA9tUc29kTjFRKf2gwjC1cJUgejO4I5eNR8PE2rf2F+Aq6N2guNIbKV2IIkHwNL+OcQZMqYcW7IuLAZUTutHeOUiJA25TFLKVK2PFW6QI1m3h7IuvlZ3GZQ3zVHUjmaD/+LbqLNzVTGVAIJHU8lX41BxDiTL/eoLpChUYwZC6yygAZp6CPAUoQi88sZM95e6rLPLKN/OorJGRaWKUdx5eRLvyqiG0Lryy/WHSOY/rQXEMMoCMNTAeR59aJwNtkOiyNPERsQeoI5edQcO7P49nb0Jsi3MIp0IU95Qe6dcsVZNVoTS18zo7xZ+RH7wH3UZiWOZGBiIE+YkfCgMXdebqOFzWmBcL1MrppyIozE3YtTzHozSzlqCEaQn4VZa3il7pYqZMA8jvHIQaDtWj6RiwIYFiw6STVkxTo722uCHYP3wxEbiDlUnTkPGg8ZhEGc2lOpUc2J0ge3f10qiFyJ+HhiLuRsreiuZTGYA5dDHOk2LRlXvmTmQltBMKQWjkJ+IpphgVF0cwuvOO9r8KCx1lWJJAMtb//ABiff8KaTFiA4Vx6Pf6Te811hx+fZUYULaEc2P30Tg4nXbnSId7GcHti3F/0YLvnFsknu6wSIOvMa6aVrCcND3Lth73o2QruVACoZU979o7R16UIcbDvOwafIHUHy39dL/1mb9wnXP3p35nn6665awnJPTT7/g5Y31xT3V/Yn49ifR3HBdHI3KmRrJJMddfaKWcevrcupqDFu0NOuUT7zS/tBsWXc6e+lCXidTvoNABt5fGuRyuJ1KNMsFlRnb1Uco1HmPjS7BN3geoPuimlsd5fMVgkjjU1usubmsphBn+kr+/U/Z9zPVR4Niv7QEOzO6H/ABgr8at36Sfnqfz84/jXmuKuFbzEbhyR5gyKZukmKlbaGBJBIO40PmKd9nvnL9qlfGQPTsw2cLcHk4k++fZTHgDd9ftCpNU2iqdpMO7QD4j4GueG8ql7QDu+sffUXDeVe1/DX5DxP4nuR4g7fvj/ACmrnhP+Xb/D91U7FIZGh1vCNN+6dutXPBj+znyHxWvPyLzP3f3PQxPyr2j9i89lT8kv7pf53pfw8f8AzC59v/3UZ2Ub5Nf3X+s0qs8Qt2sdda44UZuZjrSvdlY7IsvHcaUsW1G7b+QGvxFVUMCQAZPIdPE/hTHjvELN1bSo6sVBDeBMRPmAaWYPCBsQGggCAd9QI+d15bdaRKgy1FfFMQwnRgCZzEEAjw6io8LdLAEiBy6kdPM86adpn9Lcy6kKJJXl5eP4UPhpUEwpbYMNz4x9E+HhRAdFiCI+jy8ec+W3toTjGKueiI9GXyMHSAWbKZDCBrpI9vhRa4U8yI9/u++mWOBRFVYzTm9n5itJWqDF9LsoOOx9woHKuiGNWERrvrUAvI4OSWY8wJk8iTyG+pqzcdwJvoI3OrKegjNHU6xFdYbDKmGZAmTKQ+XaCYG3Luke6ueWBJWjqh4ht0yXs1cGRldz83c94zrMVbuzjIHhSW1TcR/6enPprVA4C+/k3wNWkYr9XtPcB+ayGT+7q8I20kc2SdXJgGMvWTcxIzhXdnglPpAk5SwmRpvSa9czWyARMJEkCq9/xcG+Brnl7hM6HQ8vbTni3Bw2CuXASGRlIHIoTGh6jxpZJNiuTjjbXYMuWRmAkkT3MrZjMSQBz2NC4lgFIJZCcoIlhsoB0nqKpmHv3bLpdT5ymQZB8wR0I0q5YLHh4zLlR4IG4RuYBPKaLdbE8GX4m+4JwqyLDXbgefSKRJg6nQSD4kVLjcU24AJGXUEb6iWUDflvtFH3cDrAWSdoG9JcTmVtCx5ZWnKJkHYxy3qalZ1OIK98lVG2rUwwTSjeRpbduCdRB6cvUdqKw2xjQxtypOoZxBcUjfPG40IH0l5jXnSZmOeV2YExsRGWdPHp4VYbzQpP5J5UjuYbVnXQrCz9Y65vPer45uEb76e/f8E5RUpV2FXEyzKQFk+e08zpp66V2yudgPmycp/PKj+OqfR69RS/CpQeVVSX9/oMsb5ZYsBqV8j91N8OO+tLOHW9AfCmmG+d7aW7NWhu7uayhsW3fP55VuiChz2/uSQegG/jlNeacQHyz+dehduG7w8ban2RVPs2Zu3B4j4GmkrSFg9WT3iHw9q5zQtZPtzp7iw9VF8Huag+IqDBJn9Nh+boWX95b1X2jMKTYW5qNTFLKIU+C8caaUkeFccHvrmCNlCmZbKWYHlzGn40it+ZphwTiLkkLZDz3QRbzEGQdwN+Xrrv8PJxx1da/wB8M4c8FOe16c/5Re8Lxa27pmuqGwolYsvDgrk75BOXfcRqZqW/iy1q67r6M55KmBlG07nSY9tUriluArnuMphl1Vmk6g6d6Oh6U34jj/7PbyyXcLb02zoVOvmuWuSa6Zy1vVnTi80I6cIvXZzjuGUKnplLZMuUSSSTMQBvvpVS7b8OvX7+W3YuGWLl8jBRpoJihOFobGIuPc1uuynKhIKtEZs2kCOQmrlZxBBN65eKwAB3mM6RCrsxmdfGhKWpRRSqxVg8Fd9LdZkYKVtRKkaqIIn104wzMrZt+787ryg9azGccYWmZu8AD3dASQJiQKQr2sDBSbQC6AnPOhO/zdatixTy24ojkyQx11PccM0r1O5++gXXvBhpOrerYjx5eujJkmN+Y2OvPyNQshB1E6g1JjonwNubjM/zEGaep5T4Deg72LF3vZog7cwOXr/GjsQhOHKA95tfOKR2uHn0ZeJIge00LrUZIccPxStJC6jurruZk6dBz86k4hhALLsziWKBmPdUZnUDf86VmBwa21gQW6nQf115Vx2vtXP1RbaKHa46l507q6z7culCT8oYfMhLisP+qsQpzj0bNJIAnoD08a4xfaD0lgqyqmdl+lmK5QBMRBoPF45r1y8NVVbeUCZiOfnVVxWDELFy4xgkgh9NdpI1kdKTHJ6D5Ipt2eiYPEJI9IGYCVzrZtEN4iQD76YYjiFoIGCMVMqQVCjSdhqNt6q+HxWY2M3KEEExsTtyqyYi3/Zl8Xb4UXoxVqhbfwlm7hrmJCBFRsgHo7clonkAQIpdg7IdwgEKVJOn1befTprTizZLcMuooljiI6TKeOlDcJtZbrAjUK4jx9EB+NPWxzt9MpUuCLhuJzrkbfWPGKXY+y4ZpJy92Oh30ieRAPqrVifkY+sR7SaOxt70llWykSw8jyMGoPR2jrWqpla7QSBb6xBrjhWJOYKdZ9o0pvicNmu29Jj8H/CoP+HFLgaIGuk+BrOtArkFxDtcfImy/Oboeg6kVu4gVYA0plYw4VcqiB9/OgsVb/2ppyvbYWCrfcqPaJYT/EKAwo2pl2lXuD7QoHDDWplSyYP5o8qPwKy/qNBYfYeqjsFufKnRORHi8dlcj0SmOeutZUGLtMXJExp8BW6IKC+2Rl7fjZn/ADVXLFub9wTEjfpo2tWvj2AuXjbZGyr6Mp3lWGKuZhmBI0PI8hVY4jgMRZulmssVdYDLBBOU7EGOe29U6lp7iJfYFxd9bTi5baXnN4Aq2seBj313i8Hb/WCdRbcC7byxs+sa9DI9VIWRh3XVgRpqIOvLWnGHul8Lzz2GjTc27h+5x/mouXVehujprUZFLcd0vPQgfdWuz/GcRYceiuFQCWykBlmImGETHOlmFvkkAhvWNKk4e8PXV4fzR2vUhkXTJ68f9lr4lh2xCC4WBcy7EjeSJPd23rrCWyljvnQPYYECdSXVoPL5q0y4coNlBlJzBgNAV0NsgsDyqezw25dVbUCGu2vmiBCu7MY5Llmo+I6VKT9WP4ZtwivT8DHjfDltk3mUhrhBAPzXAMBomV+iIO8ba0N2puMuGzoQGAL+E5ZGn3Uf21xBuPr83uKgg9c0kzB60H2uwpfBOo3ySPVB+6ue29yui2A+zOIuXMpcNLlB0HzhPlpTTjXArbYzOFUEBXZSO5c1gz0Mc6i/R/fzYfC2yiCHLFwO83eMZj+dhVi49Zi4G6iJ8B+RTxk1dPcWUU90Q3sItxQ1uVZdAQYZT9VuormzimUfLp3hzUFgR4gaihHxRtH0i69V+sOfrG9DdrOO+jbB3dThi1xb55AOEC5jyI1YdcpHOuOGWWKSxZXd/LLv6P8A5L+u65KuKkuqP1Xb9vsS8R4mhIKg5hplBkDpryMROtT8MtMLZB0BysBEzB67k7eypcPZsISqgHXSdfKKLs4gsYOgBgDlHWu5bEWd4W0QZBJPlHtoziNgvl8B8a3hbWo5mmhtVOatUPDR2UO/wx09LdGbOAAohSG11nSkx/Xz9A/wJXqJs1EQAQCpEkCdx/SkUWlQ7km7PK3Q5LZOjel19g++rmEmwg/bPwpFxnAMj5Wj+9Z9DOh2qxWB8nb+3+FHlA4FGItEYLEoJn0qsAN9mH3UNhLWjEg7OI21jamvGrT5r1i1AdyCsmBvcn3Uugph7jTBBifEtBq73VnN06ya9EKSncs/bH3mp7zxYwqfWF5ttNLgA16yBRCWQRbHR5/lH31xi5/VLHKGIH8TH18vdUErT9jobpr3ObSd8HoR8HrrHp3T7q4ySrt0a0fcxipcc4NskbHbz5g0s1omPDkWYfNBkDw8qDxex9dMbR0pfijAocG5Kh2lHdX7Y++hcHZJOgmBJ8huaM7TbW/tfcah4ddKkxuQQI5Hl+fCgMN8OWgsV7gG/TWPXy2ppgSCWPKBFKMVi7rBgXLTHziTt0G3OpsNhXa0UVyhBGsToBtTxSctRZbDuxgrjKGAEHqQD7K3SQ47Ep3BZZwugeYzeMVldqwRa3/qc7lIM4PcBMkgmM+eGPezQMgnT301xnEw9tzduXHTQHuqqzsBoxJ36edKezQHorZiW1APhmmur+CbJcugwFIUoQCCAJ1nf11ycFa1E/aZcDaX0Sq7XjkYvmMIIEKo0G2m21LeCPYLm2Tc+VBtxpGux85AijuK4F/SAtLkqCXy7zJA02gQPVQiYXKwbLBBBHd5jUVk9QtWjAcOCAl28WmMrbeR0qPAjvU04ngwLgYKIuAXAYH0pnXwMj1UtwYhj5mvR8Fp+px+I/BZ8VeHobam8bIAnOBOvSPGPdVux2MtYDhy3luTcvWkt2zoCzHMWugE9DPqFKOzfAExUNfUGxbUMxO3XL50Z+kqwlwIf1Z3KWgbQEqqKfIxpA08BXB4qV5pR9To8Kv9KL9BJgOKC7kU4m5dI1KsgUKBoCGG9Wvj7f2YD6wA/wAteR4FzICvcHSCv316L2zulcFh2zMpBTURvkI19dLY7R3+j+4627TQMoZQDOvztdOlXvtCICnlP5+FeZdh8XCkZ4VRsTtEmfz0r1Pi0Mg8R74kfeKKepnF1ZW0O+34zRvDuFJe/WrTAG2BatG23zT3PSN5E+kUTuMgoWxbkgRRPCsd+rXcQLiki663QQeWRUA9WSlz4o5YOEloDHJxdoiuYT0BtiJVcqSfnaQFzftRE9d6Mt2yLjAiRE6edZxHiVu4QwDER30I+coIIIjZgefj4UJe4v6HK8ektuYRlKg7EkGdJEVHw2SamsGTVv5X/N/6XPfdcpNlUa61tz6fsWThoiWIozPS/hGOW9bzKGGsENAPuJEUwiujJcZUwQpxtGs1RYgMYy3GSDrljXwM1Ll2rHtTU7HoQ8ZwAZxcZ2ZpUa5YI22A8aAw1g5Fm5rvGmnlTviXDQ0TPSZNLf8AgVvofaaZVyK7AMVhZvLcLEsZBPqkDT11vh1+LV201ssrKVnQ6yTOvQga06sdnuaqx9c+6aDxHATaL3S97UHusRk25CKe0xaaEZWFQ+I+K0JxDRLVudu9HLVjB/PjTLEoStsjaSfhFd8Swim3bZiF2nqQOQHiaRNKEm/QLvqX1AHw2ey67d634f8AUNCiy6WSLpXMQNFnLoANJ1nSfGfCnHD7fpBc03dfcHFccW4eVtM2WIjWfEVVKPwXe9E25fEVbWItlPj/ALUBxBZ0o8DT2fGh8Ytc62L7MQjhqX2KvIgSI5Hb16TQ+L7PXLXeQ518tR+NO+AWS924B9X2a6e+mSncEajcfAjwIpnBpdQFNN9JSrOMWddKecKxQkQ2u9QcY4apkjQ9etR9meHlrrLzCGIIkyQNJ33oQdsM1oWS1xBwoAYRGndT7xWVIvA1j5uI9VtSPbmrdNqLYg7POBbtfaPvmnN23OHuLJEudumSRSDgwItLG4M+ynnC7pvFraiCWkH/AAEb+32UL8rC1qcWMELio2cAlRpU68Cc6KQ3hBpr2Nw3pLSxaVnygZ3kqogRC8zViwi+iORCbtzm8BVQdABt7zXPPLRRQsqfF+zdz9WXOEVkzgZjEhoIAkbzPtpBwPsNdIN7FsMNhwZLPo7D9hTt5n1A169ZVozEqCNzE6+DNABpXxLguBvkXb9x7veKibr5VOs91SFHSYp4eMljtbd32El4dS13FV3EK1lUsIVsKBkAnv8A7TaSddaUticTdORLh9GvNlBUjpBG1Xg8PSwEOHU5FEFASTlOxBO5EUQ3DRcVXUCSA2UiJPXzqEcyeRpfqW+HUEyjYXA3lkth8Jc6TYWfiKMawLqBbuGV4acjFlVdNCmU6dIqxCyOYoj0a7V0WydIruF7N4QAzgys75bpb1DNJim/FmAw1z0du5nW2xtrMgsBKiQJ30pjbQV3dAytOgg6+qsmzNI8/wCF9pLF1VcuqtHeQsFZSNzruOfrqTF8Vt34NuSFlS0b89J10685rys2YOpOm8aewCrz2bn0QURJaAesxBPX+lXvQl00Xnstgc1u45JUvKKYErHMev4VQsbxe7bvXcPd1YNFzSEzJqLtuTKFlgkbd4+r2HA4dbdtUH0QB59a8o/S9woJfW+ugvDvRp30geqVj+E1sUoqaclaTT/R2vqbLDqg0nX7lt7E3WDZCVa26ekRhJzREidgQDqPZsauWUV4z+i/i11MQtmcyPMAn5rQT3Sdp1Hrr2aywYSP6g9DUs/iOvO1JU3qvXvXr3X4GxY+jGkuDlkFaipGUaVvLWGIGqWwizqAa0VoPHsQFIJBmsEcNcXpHlFRuyEQdR0NJUxbzvNSW8WSdQKXUNIUcdwmTvIQO9tpsdo002pJx/FKQtkgi4hUtvqp2Mx1B9lWDj3Ebdq27XoCQBME6k6Uh40mHZLd3DmVuOdddhyAOoEyadQqLZNtOSQb2duIpfOQo01JgT3qJ7VYm22GcI6sZXQGfpCh+z+GRyy3FVhAMNBEyevnUvanA2Uw7G3btq0qJUAGJ8Ks35PoTS831KeSAvrHxFDYkaUQVMaeB99Q4yooowfgzFLWPur861YzL0nvanyihMLx1779/LKWrQGVcs6EREmZAB86WcQ9N3xZnvqUuBdyhGunTqeU9JojCcJFqzbuZvlbgn0e2QKWAuM0wVOmp6aTNdF+QjXnJmxwz5G1U/NbwPWg8TbgyNCNiNCPEGoFtTd7xnm+kQeoHT386OxaRXLJUzpTtEacVxIEenu/xt+NZUVZWs1GhZuWwnePeVm33gxoAPA+6nHBMQUuqWS5ZN1TbGeSpmDKuefI/wC9RY8Bsq5spQIPEHKGMHzaDQuDFtSTfuMx5dxtD1B5kcooSXFGTL/2RdVtehFwQGKkju5iFUHITrAP5FWqzh4EAQNdttR7z4mvPeF4i1fshrgJgg/NbMpMLIA1WdD66Nt30TRcRiU/wuw/zIajlxzvyjwlGtS3Yvg5uqAXIygARtA/Z2nxorA8BA1LEsdyFCjyAGwqoJxVh/8Ae3h52/8A+KnXian5+OuHr9H4LU4Y5rgdyi+S54LhaWVgMwEknM2Y6sWMFpgSTpyoRsQvpjcV/SMBlVU/uk8Wb6TeHu51X7WLwn0ryt9u4ze5jFMrfGMKBAvWQOgZRTrE27YvWlsHMOup+JrtUNApxSwf/Wtfxr+NEpxCz/1bf8a/jV6J2T7VXe1/EyqC0p7z7xyAp82OtAE+kQx+0PxrzLimMa7ea4wIk6Doo2/H100VqCT0KViUi446E1eP0W4b0l4lhpZ7wB6tIHq0NUvidjJeYqd+9BIO/wBqvSP0QLNvEXSQSXVIBmAqzy5y1UewvJ6GGJ6VWP0k8NN7AuwEtZIvLpyXRx/AW9lWmosaT6N4GY5GhepgwNetTGPCezF/Jftup0V1Pjow0r3pkIOZd+Y2zfga+a7LvbYFWCsDqJ1BG4I3nwivoHshxdcVhrbhwzABbnIhhoZG4reIxRywp/4fdAhJxY2D5gCOvs8DXRBri7aIOZd+Y+t/WpUcMJH58/GubFlkpfCyfNw/5l3Xr3XHsUlHTqjt9jgKaD4kNF8zR5pZxm+FCyQNY1Ma9K6G9BUtQYVPZoBMQOtFWLwnw/M0IsZoJsKC5kAjLzpF2zUD0IEAZmiBHSneG1b1UB2pwdtredyQbYZlMwJjn4aCqslyKuGXcrN5DfzNRdobs2T9paEwclVaZLBSQOsaj3mu+NwLG/MVaWmN+xCOs/qJlOlD4vaprbVDfMk1BFnuD8PtXIuPbDZs1tcyqGKg5tp2JgAH1c64xOFYZXLEhmIII1ga78xqekawBNWLsddCel8SnuzVF2wxOdlI+ip/1VaSqFk4yuVFMxPcDwfoIF9oMfnkKjtYvMNRpG/TqPvrrjVvNanNBldtz86fVoKDwFudBQljtJBU0rZIbkVlD3CQSDuK1UOkvaDL2BN/EXGWe87GYPU5Rz0immG7JXCZ9IR4wDPtM1YsLhlUAZYEba/DejROykWx1GrH17L6vbSq93oZ1shLgeANbS9aW/8AKXMhYxPo1BzbD6TEAR0Fdp2Yv8sUf4f607w6BBCjxPMk9STqTRSXB1ig5vgyiivL2bxPLEj2H8akXs/jOV9f81WVDU6Gt1S7mpdirDgmOG15P81drwriP17Z9bfeKtitU9s0eqXc3SuxTW4ZxAbrZPmR961z/wAKxx3wuHbzFv71q+KfD4VrGYoW0Z20AFHqkDpj2PNMU160+R8DYnQ6C3t6qKtYlbsrcwiW5+mmVTOv1T8a1iLzMzOxGZjMaGOg9QqJS08vZVFJ8k2lwU3tjYAdOZgiPWIO9X/9CWMQW7+HJAuB/SZfrKVVcw6wRB8x1qqdocG91hcVMyr3SBv1nxo/9G/ERYxAAU9+UbNAMRI01+lGs7TpW4Dqe3Cubu3npQVvHA849U1zjOIgAQCefTw5+dTKHzv2pvTjsS4AX5e7p5ORPrifXT/9HPaE4TFBjrauwjqCAVkr8pr9WBp0J508x/Y23euOR852ZtlmSZOuntNA3P0ZYkGbTDyJ1+/40ykuRXE9u9KCAQQQdiNQdDzFRXVIOZd/pL9b+tebcC4LxSzctBjltq6khQiyOYMHvCJ3r00vUs2GOSNP6PlPuhozaZwHBEjaocRbDCGEg6QRIrd8le8on6yjn4jx+NQnEDukGcxJHkBr+FDD8Rqp7rnv6+nt3DJxT0E9/s9YJkJkP7BK/CorfASvzL1weBM/EGrDcFRFqpQLFNnAXEObMSdpLfmKg452fGMTJfd4GoyNBB8ZEH1g06ciuRdFPbEKrw3syMMpW27MP2yJHlpFAdoFdbZkHcVeWIIqq9tf7gaR3x8DRlJuLBGK6kVyydBUOIessHQa1j0sTPcI4ViQoaeZEULxe/JmdwR5nl8TR3DcOrKS3WlfGUtl1kA5DIHnpNdM66EmSx31i3tIIRPLTpzn4ilfDnINNe1lwZEHUk+6keGYDmKol517Ik35H9SxgA6lAT1gVlK1cRuK3XoKKPLcnZeENTo1Cqw61Kt5Z3r50+jDENTpQaXJ2qVUJ5xWMHoRUwboCfdQ1hIoq3WMTrRNlahtCiLcUwCZTFVHtXxbO3oVOi95jEyeQ+/1CnXHuIrZtM08tB1PKvOkubljqTJOmvupoiyCy56n2VHfxBAO87DbeojdH5A/CpuGp6W8o5L3j91OLQ94fgsttF5xr5nU+unuFwdsGcgnqRrUWEtfSPqo9KRjnaoBqJ8pJHsoW4QTlY6xodTEnXfbYUVcvhRP5mkrnMSTuT/SsZIe4DBop7pknnTqyqr586qnB7XfnoKsNnER09lAIXdvrprz+41o3fA/nzrRvA5fP7jWXL3IanpWMQX70fR98fChrcF1k65GO8jvMNvZRZtzq2vhyFL+G4J7bXWd85dyVMQVtySqeMEtr0jpWTA0MRcG81wzVGrbjoT+P31wzVrDR0xFRSPz+fOo3uxUL3efqrWaid7lVjtpcmyPtj4GnjXKr3bFvkV+2PgaVs1FbsV3eqCw21du1WgtCM3qF4fHC2hB5nakvFMbaDqxiToVJ56ZTrtoD0qfEqJBM7UNf4FYvySWBMHQxqOcHSqy7Cx7hOOxK3WJW0fR8oYEcgYlfPSgL2Esz/dN6yn4CiE4M9lYtksN/H2fhXRvOPnp7oq6jZFugH9WtckPsX/3VlGelt9PdWU1C2OLAmj7CgbCsrK8o9EKD+AqVTW6yiYIt60VbFarKyMTNdCigruNJ20rKyiAqXHcf6S7lkwnvb/alrt+dPwrKyqCkYY7wPd+FWHsvYhDcO7H3D8+6srKD2CiwriYG3vNSfr3h7zWVlIMQ3r5YyfZJqFDoPKsrKxh3wlYSevjRrMAJJPtNZWUQG7AZsp2XN11Oh9lMAoG1arKxjhiPH2monP5k1lZQMDg6ka8jufEfdXLH8zWVlYJC58/bUDxtrr4msrKDMRZup8KQdrX+TQeJb1LAP8AMKysocGRWrbdK2z1qsroxkJjPBBWTUA61HewQ3XQ1lZVHuxVsgizacQSR66zFYjSCikeM1usp4u9RJIVth1J/ux/EfwrKysq3UTo/9k=');

INSERT INTO publication(id, address, description, publication_type, tariff, time_required_or_offered, user_id, work_area_id, image)
VALUES (7, 'Av. Melchor Perez de Olguin # 193', 'Se ofrecen servicios de Jardineria y Paisajismo Vida Verde', 'OFFER', 2100, 30, 3, 4, '/9j/4AAQSkZJRgABAQAAAQABAAD/2wCEAAoHCBUVFBcVFBUYGBcZGiMcGhoZGiEjIR0aIh0dICIdIRoaISwjISIpIBkaJDYkKS0yMzUzHCM4PjgyPSwyMy8BCwsLDw4PHhISHjoqIikyNDIyND0yMjI0MjIyMjIyMjIyMjI0MjI0MjIyMjIyNDI0MjI0MjIyMjIyMjIyMjIyMv/AABEIAL8BCAMBIgACEQEDEQH/xAAcAAABBQEBAQAAAAAAAAAAAAADAQIEBQYHAAj/xABCEAABAgQEBAMGBAQEBAcAAAABAhEAAyExBBJBUQUiYXEGgZETMqGxwfBCUtHhI2KC8QcUFXIzU5KyFhdDY4OTwv/EABoBAAIDAQEAAAAAAAAAAAAAAAIDAAEEBQb/xAAuEQACAgEDAwMCBAcAAAAAAAAAAQIRIQMSMQRBURMiYYGhMnGRsQUUQsHR4fD/2gAMAwEAAhEDEQA/AK3DThMQhTh1JB82rDwmoYPXqYreCSDNwycswJIdJHUGnwIgnCpU9E1BWFZQCCTYba1q3rGPZ7mbou4JpovUSDt8IK+X3gR5QXMDbOew+sDxKCU1BAFXLfSsKemuaIpt4sf7VJBANwflAkpJrkm1/wDcAiMMQhN1geR/SLf/AE5CzmPtFOxohtA2jWjd0bpNMzdTHKZC9nvLP9U6JGAWhC3VllgggkLzHsxNolI4Mj/lTD6D5iCo4Qn/AJP/AFKT+sbLRloplFG0nzJMCWtOhk+SFGNGnhwH/pyx/X+jw9PDx+WV8T9Im5E2mRnzwPxoHaUfrB8NNaVKZShykcqAp2JGto1X+QA/5Y/+M/UwxUqWkuqblozJypHo/wB1itxe0zqZizb2x7ISIcBMP4Z/mQPpFxMxeET708f/AGp+kRl8XwIvMB/6z/2pib0TaVa5Ex/+HN85sAxIKAStAAF3mP8AIxYr8QYN2SlSu0qZ/wDoBx10jGce4yStSUjlIy1SxyurKW/NlKQTukxUp4wXtS5LmRJeYlfIEjNZRJPK3pzCLIcflS0ykKd1qCQ3XI57AK+EZXA8byy2CalKkqZmyFVamoUwSkHuGs1VjcSubNSqYkBj7vnbu4aA32Ftxg6mnEhaXBckP2Dt8wR3BiMoCMt4Yxi5hKfwgZ1KrQu2X0YdBm1Lxo0zQbfCJdl0Gbv6x6u/whoVDgYhTHAmHhXQ/faGgw9MEQu/DywAsuLgfA/rFsmep2AUz3Ao3ziBwMtLJ3WfkIrPGniE4WUkIAMyaSlLk8oAdSuVQVQEAEG5EU+CRjuaRRf4wTv4WGl1GZa11BAZKUgf98cuQKHqYuMTjVKZSytZLsVEkku/4iTuYCuUh7X2+cIepfY3P+H91JPz9eCsKebeB1ibiMMUuWcaERFItBxdnO1dKWnJqSobvDTDs0NMGIZPwMp0KO6kj5kx6DYUEIlgakq8ny/Qx6FS5Nukmolz4Qm5UzZaqZVZmPUMfkI0PtUuwPl+0YGUlZnZUOVK3VelyTfWLtGEmJVmWpIIq6lAfV4Rqaak78j9CXtq+MGvw4JDgKGxp+sFnrU1AKXc/QRCwmOQoGWlQUUhyxox693g4UoMNPUmESSTp/uGreQEzCZxdIfo8OXxrGIPs0ykFKWSFqWrmAAD5RbtElA6/D94l4eQCHMO6Z+5pMDX/Ciq/wBSxytJSf6VH5qhi8ZiswSqehCiHACEijtqDGgThxtEHjHBEYhDE5FpfIsXSToRqk0cRtoyv4MlxHjGJlTwiZiJnslfiSQG390XBo20SPEJmSpQmCfNUSQzzFMRffURScbw62XLmoAny2UFi0yUzEv+JqF7gODaK9XESuQiUsk5CW15To52q0DQhzas1XC5SJsxMskr/g+0WSsllO2X5n0i2ncKkSwCtKQ5yil1HQehjLeD5yZap2ImTFIQhICiA5VmNEOaPyjR6UaA8Q47MxWIQocktBZCVEnRi4FVKI0HaCpINTwbmTw2WUhSQkghwRqIJ/pyPyj0ibhppUgHIU0HvBja+UCg6U7Qq36en7xdIYZ7H4SYl8iQRcJzEktsCzf0l/jGD4y6l5mofuxAYu7jfYx1TEJcMX8gx9axz/xmgCYksCpQLrpVjqB+IAhzq/ZqZU/wlZwiUSFGgS4GY3B0yJ/EutBYX2aPi0BMxnLg1zCrvr/NvF/wpEtCE+1SkKFAkghqAvSqipxegsBeK/xDh0+0SUBiu6QX2r02ZzaBwV/TjlBOCKSAoLtokfiNdLChJzGgaNJw9ZVUhhoEmnpc/wC4t0DVOa4UEpCieYg8pajPU5bqalLb6RqMLNCg4Cu518rRUR9YLJCoKkxFQYMlUGLZISYeDAkmHgxCjQ8NLSx1c/GMj/ifipaZMoFIM0rOQtUIAGaujko7t0jRScclMtIykkDcbxReJ8P/AJlCAmUgzM3s0qU6siV+8pqCjAubNFSmuCVJZRzNWJBSQ5oOUau93h6ZqTLfMQoXreI2IkFExcs1UhZQW1KVFNPMRa8M4CqfLKpSVFaFhK0rISGykljoQQzHcQtxig4dVqW7V4oGjFApKnLCn7RVrU6i2sac8HmyUEKw2cEmrBRZrv0tRoE34VBQI0qlvRn+dYOGkllMZ1GtLXilLFGdElR/CfQxIPC5zP7JbdEn6RbrClVzBn0qTu5Y+esOkSlGqUk9q+ikmjwzaZfSQbB8BxKsp9mEpYAZlMWG6WJd4WLXA4HHfg9qlzckgN/V8xHoVs+R6MTKmFUyVl96ifi31jTq8PTDVS0J8yfpGOciooRaOlo4gFISr8yQb7h4TrNxqi+llusi8F4SqUtSvaJUCMpDEVuDeLsIfWKuTxAOwB5qbbxCxPH1D3UgHqSf0jO6ll0a1GTZPnY5lFLOAWvtFtwKcFIUGIZWijqP2jFI4gqYo8yErLmibm+pv+kS8JxGYgElSgkgVSkgEubsOsN01tlf9gNSPsrv+ZucRMSgOUv3J+ZeKLiHiEIVkTKzEt7jFWV6sA+jipF4p8aVLS/tFAa5WUw1d7RFmzhIRySyUkXBqo7q1831tGn1DG4su+McQwmKluJqZc1DmXnGVQLF0EG6VAEHahjmkX8zDy5hJWFpLUzFPL2y+8K6mKqdgVCzHXtVvR9YinF9zNOSYBMwsEZiEu5Gj7katGrwPEfZMjByHLDNNUA5O2Y0FNHodIzo4cs0SCVM5DW1FTRyKtD8RhJoAUCVpa6HYCxDCottBXfBcU0ro1yuP4tm/hIc+8qZmPZmA+sPmeI1JBC5icyfeypt8DGCUlOVwovsR8XeD4dUyWXQSKVazGgChauxin+YcdSnwaPEeKH/APUmHtT9Iz/EsUJhCua5DqPawj0vhsxXMUKAv7rU6CFGDluUmaAQ7HIcpalFAmhahavSLRJOTWUMRiV5gsBympzVB0tb0ibiv4iTMytqAGZIZveudSRSpEQKpo4IVdINj1Bs22sGXxJXsjJSAEKUFHUv32tYaXgWnYCllp/mF4ctIKmUwoxNSDqXFhewcgiLbDYkvRTL/Kq/oqrRnsJMUk5kitWLa06QWbJWslbOBUjM5S13HvAPqQzkbxVe4dpTmlng1sviSkllgfI/oYk4biyTmzkJBUQgVcgUc+YP2YxH+dmBOUqORW4fuHNfLtDBOUVjnUCzAvqdvMmvWCTaKlqq+Do2CxqJgJQaAsdK9oNPnNQGpSSNDRv1jNYTFBKf4cwBSQzPtukV+EUGK4rMVO9pmqBls1K6Od/gIinfBJTilaNcjxJOSvKuWFoDAqArmNbgDRvWLvC8Vw8yhUtB7v8AofhHOP8APKIfNVzQEhzoWFxp5RcYbGSyhLkCgzFVgf7vCmgo6ikauX4LwsyZ7VEwqUVZyAvV3qDW8aTD8HSgFgzkqLC6jUktqYw+GJABQssairjy/aLrD8Xno/ESOtR6K/WJd8hpJcGmThW/tHpmEQsMtCVDUKSCPiIrsN4nBpMQ3VNPgr6GLORxKVMomYH2VQ/GImkQjy+DSE2kyh2QPlaJSJKUhkhIGyQB8okqlwi2G333i9zLAkCPQ1eISOv3vHoG2XR88RsuE46X7CXmS5SCk1a37NGNi64HiUpQpJQFEKcObAhrC9oLVjuiJ6SVTryaPh+JTMmBOTKGcEKcuO4i0PC8OKmUg/7q/OMqniRQXlolpVuAT8zExc+fMylOdlJB5RR7FiLVejxncHVp/Y6TVv8A2XszDpT7ksAM/KlvjEDHz1hCjlSwYMog3I6wPDYScXzA1/Mf7xPVw7kUJjKSU1SHqBVtIWsSVkaqNIzs3ErUkKRLAC3C0+8ARR30Ba1IrJ84MTlKBoWcPblINLWeLuQiWtM1EtWVaDyhSmKmdgp3cNRz3gJmolq9mFB1FpgJDEEP7xsQfKvSNF/Bh1Faq8Gb/wAypRYl6MHh8qc5Lks2jC0Mxike0UZbBBqBX0gSVOqtX7D50h6SowShmjpvh6WiTKC5kxASzkuFUJo7d7mKziXEZSjMWiTldKQFZ8p8pdgAKZRQ+cUmCx6wmZKQUJQblQckMHDi5A1gU5IUHUVKUNVF/TQPy7dYVKWKHvUUYY5GY2fLVMC2AISAQEgCj8zDW0PTiA+jEXbpo1tIrp+FyVfMnMzVBbc7WIjylqSrKlKkh3ym/wBiL2JrDEttuxZpJJzElixDkgXDuTv1iw4NwCZiCv2akpSiilOSHNgwBNQCfKIJJJYkEF2zenpS/eNX4A4xLkKVLmMETVABTE5VWDtoXsQKt5a1+EONN5IXEfCnspK5hWqZMSCcqZeUDckuSpr6Rk0gWNHN9hvHUv8AEhc6XKSJY/hkq9sQHa2Qq2rmrYkDpHNlBwnlJBsT0vX4wuTGuCb8G74Tw7h80JRKxmYN/wACegcyv5MzAKJdr39KvxB4fmy5ihUJytmWQ4SzhMxSbmrUBCmTWM2vCqCXWRlFhQv6W7xbf+IZgkypRUtpYOUmzEksAQ5Ach3+kLlJpYDwlTwUklawCQSMvchywaxA89oYtRd6FtQGHwAjo3hXgcrHJV7YO11y5gBAOhTVyR6RsZngvCLQlPszy15VkEgMzqA5xvm36RcXuV0B6Sfc41g0e1QQQwCqrYkgGpBOpPTYvBhwdK+VCwo0qrlUKe6zEF2oSaCOkca8BomLSqTMTJYvlKXBozslqtqdtIJwnwZhEBKZsxU0h0qSRyqOtwaFVWdhCpQneGXGMUqaORrSmWohlOCzpWD3qP0hMPIMzMAegD/Hrp6x2xGA4aEmX7GUZf4uQqSD/uJekQlcE4UsEqlSkA/iQSAKa1pWrV0hq+QfSSdnOOGcQTLlnMaCrV5VapY9QT5xNR4ml0ex+HeNDifDPClJUuWtiA5/ik63OZyH+xGc/wDCcpDqmYtIToAkuTQhIrWj1pbrQXFPNhbpLCReYOemakKFjEn2I0JH3tBsPhMMiWlElVUpBU12NiQaDU3gc6YEsxJDe8xA++sDQ3JKwE2ckHKoMaVKqf0gwRZmq96YB/tSPmpzDUYlKUByN6n70itneI5CFEGY5H5QT8YG1eAoxbLMYZ/eWtXdR+Qj0ZjE+LxzCXLP8ilEX3Un1o8eiwtj8GDiw4JMImFIDlSaBnqK0HZ4r4ncEXlny+pb1BH1h01cWYdKVTT+TW4dMwM4IHVkj6RejiEsD3ge27D9YopuABN0p83+QMNCBLdKlE1eg0YUr2EYaVZOvVvH7FzO4kn8KSfvrCGcZqVIIACkKTQ1qkjUdYp5eKQTlSKsWdWoBNh2ifwVSjzTciRoGA+cWo9ySpI5wBSoEIpLRP4jhj7ZaUgHnITl1GY2AhicOtJOVKgdi1jZt6G8bNyOX6cm6ohl49EmXJdQsbZn0elQC7vHpqUIJQzkEgq/QWi7AlBoFLmlPun4fDtEgTFAOojWr/TasAWtKrJY7kkn9P7Q5c8szkgix6UHw+cU1fYXJK8BJmKVZJ5SAG7F3fd4fiJCil0hJq5ymvSl966wCVKUtgkP569+rROw2YrDEsAQTSiWYsN7DqT1gZY4Gaem3XgjS05QkqcpNSxdq6AH17RLwaiFBSCsH3syDVJOpUz2Y0tWFEpKStU0GYAhkKCmrlOXMBV7BtOsClyQ5QkrUlWVSRoSWJChZ716Q7Tk3gOcdrwjVcM8Tzhy4sJmyFkEianM6VO5QRUlgCx20jWYXwpwvEAzpUtWWykJWtKUkj8SUnkUK0DC9C4jmM1GYAvViUV5UgVajGlB3Or0tfCWNTInJWULKlcvswWBCuU0FFGwALe83WDlBMkZO6OhcR8PcPw8pU04dBCEpIclRcWHMo1JudaPGd/1PA4hafaYYHmYMWLAMHAYUDltHjReLcLOnYabKlpSktmSHGZWVlZR/MLBtSI5lgMCqWFDES8pSXKFUWA1WDuHr8Iy6u6KtMbuV+47HhcDhsFLUqSgIQSDygkGhYF30F/lFHxjxZ7JwoFJUlsiWdmoSrqNREjgsyXiMMhOH/h5CP4ZVvm94m5IqBfXWMP4rwhMwzkOZayEuAwQofgPdnGl4kpSpNATntg5RExHimepQZQBFjct1e5b6xCXxSeslapszm94mg9B0GkVhm5S2WvkSO0NM7Uv9et4V7mYnqybyyf7UarUQdQ9+33eGJKXAVnJ9NdohpAJ5VeRB84Mlavq9fswLiV6rLDMmwA37R4LawbV2B9YhpWxAB62p5Hs8STWtj97QpqhsNSxF93vuPhBUBRSQJig+jlvT6QBJYtUH4K9YMEKP4vgKRNzXcNOwRlNcnav6RDxWFTdDO2gp6aeUTvaKFC9tRA5s0G1jevr5dYuMpJkU3Hh0Z+eSG+bx6LVWHdWnVmNI9GlakSnq6jyUUOlTClSVC6SD6F4nS+GvdTQipUuWQpyogvlOrQ5yQfpSWTaf5pCxmANQ439LjuYBicKhYzLzWbVqbgNWu7QmBnrUlJzSyVJzKAoXP8Ats1y8TMOp6vTYih6hg8cXV1pxk2jatRtFZgJKkFWSSjMksClN+oJfTrFjOXl5l0TdRNhq1H9InBacqgplFvzZWpqRX0jDcU4rOmBK1LICiUZE0SEpKTROrli5q4jd08vVjdhT1NuUiX7Vpk2ZLygLWVJXlzFgHLXIr9ekRf9TmsokEppQ1T3YixIs7isVs1akjKX5uavXuHelxTvAwsqJcmvR4d6SbbZklqyulgk4mYlsodveqxLmtGAAS/nDp+Vcx0oAF/ZgNoxZno8SMLMAQRLyHKHJWhDkXoLm2u4h8vGTFAKClKcigAABHbamxNYZ8IZGKdORWTsPlIcEPVjt03hZeGUElRB0NUmofeg+sWExEopIWFqVUkksxBsC5ASaixfeJC5/tTlKh7Q0AWKMfyg0BFTv8IJ2lbFuMLf2QPCcIUeYS1ID1UqY2XsGq0PXhB/FVMORQICUSnOej5syibhyau/cCDYmUnmQkmtVBVW1og1Na6eesKSE0VmqVFg55W3BdVQkHoUiLhFTVlubg6qmh6VFmTrzEAAKBZnSVcz7q6O0eAKWzAZg7ApLqFwRm8iBShOrMZKfaZlJC5hdy+U68hAcKUouHSA+rM8SU8LnqR7QSZhlEtmmICXUQxGZZS3U+67bCHKooW25ZK5WIW55EJUxf8AmzVqkGpL0fr5SeDcVlyZqJkxHuVAQzKLuygbBzcbCB8RCpS/ZzgMwTUpU6qWGYFWw8oOcfLVLSkypf8AD5llKCFLdwLuAwCQ4re94Q5rlWJX4uaNN/5izFKQESEkFKsyTSoJKSJhNAAkP2MZjj3FJU6cZqMyCtIJDlgulRQsKA02pFZiJjLUoKIvRQd3FU1JJDFngZKVjKyQoVfT9z93gW75KlJtUy74Vx1UoGSla/ZzDzMQVMygRYakF3oQDvGlkY3CJw5ClKmOHmSzUEAgpYpo5Idxq9aRheHYKZOmezluo5g+RDkJtna7B6jrGo4l4RxMuScqVLUCcqpSndDag1DmjabtcXF9g9NyXGUVasKlf/DJ3KSqu4Bozt2PrEdUlIORQIUOtP3HwhMX4fxkpaTMkzEAkJStJzCtmINbt8LxveG+FxPlS1KczMgFigkEk3DpJewULNCtk06CelGV0qf2MIZAUGSK9x8vu8ImUQmtNqV+FW0i64l4WxMta/ZyzMloUeZJTmG4yirg0oDaKNE5Tl3Lblq9rvFOMkImknTVDlpylKmKQbEgMS3SHLyEgPRhUEM/38oEtSnqm/T6W0hiiDamtKJft/aJVi3JLCJalBLBzTQsfv8AcQ6Wsvlo463H3vAETAWBb9PP9YcpWW9fOw+xAOPYJT7khWbzF3/WEKwzMPTWBe0UzNTrf4iCBjtTT+8BtrkPenweCBqPpHocgaH7+dYSJYdojoEV+PTQxbJlwDEyg1njWnk3yVqgPCeIoly1JUHcml35WD1oDT0g+J4n7QJyAoIBcup72B26bUijSQlRpawMWvDsGZ7n3QkULO/Qb2hWppwi3N/99CaDilTeV2GSMapKwoLJVoS9vrBZ0sMFJSF5nBBB5VkuCmwq4pW3WL9PA5CkuEk8oSkodLbroS5Po1BEhfAJSmKHl1SWSTYEkgjc2fRozfz2lF919B29SVNGUxKPar5mStIZfMCl9ClrJ3To/eHolj2aCFCUXyZ03UB7wLG+3bqIdxDh5lBCVUckEkENq4UKGhHaBTMVLUR/DKmay2ypBZqClKltWjZv3JOOTPOSi/kNiMKFkZJgSCbTFKBAYPylwdTQ0eHYxQDIKWCDlTzHJRzmejKAU1DSl4gYkpUn+HofdDuS1Vbb/ZgmHkzJgzpBIBqEsfw83IRUlh+8N0bvImc3LCHhQVsSKchYHqr8zFzm+TQP2ys4WgZQkOAkflpm289I2nBvAiS03FTDlKQQgFiCQ7rWoVa1B+9b4r4KZQUqVmVLGVBzpQklSi4KcpciqQXSLXOjdTyK2zTUkElcE9pMllU2WrOCc7LHsykgKSQoAkIdLEUud41HCvDvDJeSaucicoj3lTHBLtWUaqYpua0tFHw2VNw2Bm4ohL+ySJaeblJUAFA2LFyR/LUsGjFrxB5VVOipgJzEmpre3zgE2uBttu5cvk6jxjxRgMIJowsuUqepgyZZA0BVmIAYJDhINT6xz/xFxaZiiJk9aiw5U0ypBuQE3Jo5PxaBTZafYFCUp98rSsA1ozEq6R7AYJCpaVLVy3ZX0IsNYjY1LtRSywnMHJSHqwcgan6xqkcIws8BQxqgstm9qoOAzVSohW2pEZuclKSUoIU+oFK0F60c17GJGCwoWplBSiaADeKk6yBDT3OqRHx0soWZZUlWQsFJIIULggihBf6aQx2UDTsn9RG7/wDL1a5SSVtNYEhqAEmqqvRtg7xrPDXgyVISgrTnWUqBWAk0c1Rmcpqd/nF0Klpe6uxlvCWBxQdCZRTm5lk5QSkWCDo5qTUlo6rJG42qE6M5SdXpd9oEcEEh0sFkjmADioOZtSOWnrDMVilge4HB/DcHQjU2dm1vBKPgZCKiqKjiHieVK5UpowCgo8ty4yjUU+A0i24dxeTiE5wpIV+QqqDcN0Y6dRHHuPlaJ0xJGZBImVLZnIJIamYEaNXvDeDY7M4cgvWgfZ6deusZZTnBtvgNSTdHacRhAoOHCwOUqUTlDh3OrOSNIwHjHgEoy14iWWmuFLA5gqrKoKBQZ6UNXu8bXgZC8KghUw5SRmXQnQ/7U6tbTeIuMlgzVl8rMWYByaOA9UlrjrDm90bKcFNNM46shqaWP3T4w1Cgz2Ha58m7xZ8SkZJk1KgM6ZigQCct6N0rTpSK5ac1EhnDt+33eMqZz5xcXR4LJPTcD7+zHgoE28wdYElK6Fu1dBDVrs4sfsMYLb4Ft+SQXAZJNKsW87wiZ6gTTvt0r92gaJwdg42fvaHrSC5NGuwv6RVVyXfgk+0J026676wkR5KgCz31OhOjDVo9ANIYpMmKLXpDJoBDwdaXFnjy0ACNB1iiw0sHEIBCTmLMQ4tdiQ/r62jYSuHpk8yHWlSsxdqPRTaAMTasZ+VNTLnImK90OFOHoQbairWjS5FKSUgkk2VSnZ6dGvGDrpS3LOK/UUlVoPMQAEkBQAryjlpuNRsBDpc1BJKfw1LM9dD1b5w4IZJSLllAEONjRxe0AmhRdkjIWUQCx7EEF/UUjlqpYCdorfEMgmUtIF1g51qADWu96tVtYxBLZkkAl7guzXZqF946TiZHtJcxGVOYhspJCbMHNCK/KMPN4YpEtX4ZktWWYkkP0I7v56R2P4fO4OL7MVqQ3O0QpE9SQ34T0duo6jvE7CzpkheUpzhQByg66MWcH9YFKUJi0gpajMNKtm0cgF/KJGPQPaTMwUxspNQGABcfW8dBckWnStOzqPhbHf5mUlMwH2iVFKx+JWqSrNzOE0tFnxTw4JpAysBmUOfKUqy0JSQcwJLM4ZyatHKOA4zESlpmylJWArLmzs1RVX4ilvwsaaR2vg2NRPlpKFZ0glKiQKTEnmJ1aoZLWIg07VMJ08orcFwMSULyqmzQpLiWpSQCoAslwkMDUVpXSOXcTkKlpMudIVh0LVmScrJJzBwluUpApQmjbx26YjKAkEFJdkgO4uwJ0an6Qs6QlYKFpTMFCAoChcEdBYGwsIppdiWcLwnDFzEzFypcxYlDMo/yk3CT7wuaA0EWuB8H4uak5pJlBvfnDJ5MObzygR19CyVODQBiMhGUl62Ys9tN4jYtDgshJzFlbEmuampBtu3lW2+Q1Nrg5dM8Iy5QyzlhZAqpDhIJDul6EAN32EP4VPkylgypfMjlUrK6hrdVM2r9ok+Ilzs2YJWWJAA0SnM468rljGVmy5k2YlUuXNUQxX7NCiS5DUTZmNTWoG0Y9TTm5YbXgF6tYN5gPEM32nvBSj74N20vej2NKxtsJNExBXYu7A0d3zg6gF30ofPm3hfw7OmhSpiVygBnSheaoUpdSS1HBfXXWOj8OwnsZYQwFHUXcOHU/MXZg394bow1It7ngm9SXBLS9D7yCHNKuH5vhEWbhQRmqHIUSSKJcApDhwCG9S0SkzEkv0fl1dqMagsH2btA568iklSgkXSCRUGhBc13fpGmwTO+IPDEvFS1JW4Ka8pAKhQ8uegNr0vaKXhH+HvsifaqXMqA4oRupIBLsGcdKPG4xOKTkzpUCHYAF33qLcun6xETxYFCxLlEsl0hxloKC4yjW8DKnyRR7hitEqQMyshQn2YyjMArqnqWJciM/jlBGHUqY4plzo/MXZmsc0RZ3Ec8skzHQQFZhl7itz0HlGWxvF1zEpSqgoSgFq/bwnUmorATkoq2U+JUWGZ81y5PMTdVDXX1MACLDMd31HnB5iiSKltiA/Sp2gUxKwdCe3yI+sIi8HOkrdjVK1prvrr08toctQopm8h9bCkKQCQdDsTfrszQyYhPvC/e5iwXFiKfbtv+8NBY1cffSHrqHfo9CPVoaUkd3v1e/nBIFxyCA6sdmj0FQFNVjW5rWPRNxST8FqUvCql0iUmXDiiGHbM5xPDEpLXi18JzlKlKSFVQSG1ANXHS48odiZLiI/AkZJygFsCCoob3mq72Dbawnqo7tF/GRTXuTNCrEZCAVMFUCltUsTm7gB26wMMD7QqIIoGc8u4FXft0it4lxCSqWylIKgQUpUDlCtNnAJfs8QpniBQCgFAigcUt75FaJqMtHoY5sOmlJWl+YT5SZqMNiE1BP4mDpyk0/f8AvELxNwWWuVNnIJTNDKVzH+IAwYpNHZmbUCMzifEEwhMsGgIqRUqAAd7fB6xZ8I8QqYomoQtNjnuRm0c3Aev1jR0/S6mlPd2fKCXutGdwcgTJgpmQLuSGegJrfo+kWK0zZKlypaQoEmjuKhRdv9pTfbrGkwXhLDTJhmonKRhzNAEplEqCUOoe0qQyiRUUY9DF/wAR4XLwmDmFIQSSlSyokkoYiiwyru1a+kdR3VoFUlnDMRgODzAomXMTKSnKCDzBRfMz6JcOCa3joPhTisuVLCF5QVOVKDsZpuxvlZho1TrHPMTxwKAUokskBIzVAegJZg1N9DWCcFx0tcxEuYqYpJercgLcyglNSHAHnWM6nqWRyhwjuKA6HsCMz7Eu7QE4gPUjMkZjmOlC7WA6/SI2BWjKChYAYUBdNgW9o9TYjpE2dPSyiAWSHVRm7G3qbaRrQsVOf8qhQ5gK1fQvV4bOnNlOYZm/pJpqA9Q17Q3EYlMrKVryAhk5yQ6vygPUml62iNiZsyZKmCWvJMKWSo2CutNQWfziFj5qJJdOZCSA+hJTUlIfoT1YxVy58uply0JK1ZyqylGleUhhenXvGU/1oSgQocyTUAEsXL1PURn5/iCZmUU8qVEkDZ/ynZ6wp6ngqU4Q5ZtOPcZAmoQSogIqQeVJtqXdQ+UR8R4gTLSBLmXUMx1ysaV7jyeMCpSicxDk3FSRatbwALDcw10+bH184D1JPgzy6vskdAw3idADLL1bflO8VE7jTTJhTl9mVcgKqhLCjGwBekZqUmxL2v0e3etoSYghzR7Mdt6bWgd8niwf5mVXRpZviIFJSlRQrRQYkF6EPQnoaQk/xLMUkpXMKkqSyuUCmoLCgNjGZyEaBruHva0eD2877d4q2+GC+pm+SdMxdcqE5a0GWlGgK5ZrQknpQXpsLaQCWK0ffr6eQgwUbAuL9j6U19YW1XAO9z5GSyCos+za6Xc/KHzEFOv9rCGlThyzk3H18oclaS2ZyzbtfTfyi3ZIpAiAzak608oYsUo1Rp+hiZNkkE69Cfve3aIypZSWrUgfD4HpFxkmVKLQFUw309W0jy/2poBoYLlIFh1uGuLWhcjAKJ0qzVH23pB2hdMEVEkaaV9O7Wj0EQ2rioDjXodI9A2GkarLDVJgkNVGg6pEmpEUnElZXOUHZ930A+OkaGamKficstS/39IFqydygXMUSTZ/xHb+8BWsJ5UlwPjDzmc0GyvWhr84jlja7228/u0HGKF6k3wj2ewBP94chda26fOPSkA1JGv38Yl4DArmLEv8IIKmYHKSHZ6OxJY7GLlKMVbEpSw/0Nn4G46ZbSQHUpQyro4Uq4cqAAI1Yl2DGNlxCYtSFoBSwoEkVLhwS9AnRr0eMn4c8OSpa1qE2ahQ91WVFA93UCCS4tofIbiXlKFBYKVy+QvQLdmUK0RUM9b3iaWopRtPBolk5V4r4YmQgWSZiicl7C4OhsGtVtID4N4WufPQg50pXQrApkZTnOoEAgpDC7jpHXsRwrPLyKyOsZlMlwlQoGBdVmJf+btFphcDLQlATL9kkIKCkME5XeqRT8NCdCd4KUYidnusDw3DJkoEvLlCTylnBBSyU8tST7xpR2reJuKWlKVkg5SOYs4ICXNRWnpRofMUlQIDLAAYOGd3Cifw2A6Rl1YpU1yqYczl0k0QXPLygA5bOa0gW6GpWQMNi0zAC4INRtXYWjO8U8SzJUxcuWsM5CSK7UfcV9IN4sxSEq/hh1ZQFKBID1qw10jFqJJD71p1q701hO52K6nW2rauQxxbupR5nsXqSbjWsBWsqYDKdA23n5wikE0DMKAMHZzZ/WGFDGjEfTekUkjnybYZSrB2NBW2/o7Q9c7RQI+IZ/jaI7MoMKa3ND0MPUsEMk30sx2FbRKJY9M+tPM2cbdqj0j0qaWDBinb9Dd7PEZI0NCK1r5D71giQk3oD3p1BiOKKtktMxhy0F0611r52gcxYNS12er/AB/SHIQb67hxT6vSGqIKlUqTtXttAJKwm8DkClFNpUfJrQRRUxzDS9a+YgcokN6U3+h+kFHQUIqHt2inyRMCEAh6g7k3rSmr9IUFiwYtbU9u9q0h5QFaMfnXvX9oYJWU6qG+r+cSy1a4DiW51JA8/I+kIrMSxOYPZh5/D4w+UVFPMKm7+lOojyqOLkD7tVoXeRtYI8xNWDgtTtt8oSYhjcBvn3NzBVTAGegdwR6aW/eFmK0Lvof3EEmwZRiRElzlDt503aPQZMgOACHpQ3ZrvHoJyXkFRZqmj0eEKaxpOqMWIrsbLcHrFkREWcmIQxmJw6grKHdRAuAHJo/7xLT4enlQSUhKinNVVKKYhxR9W2i1npk5P4gRmK8tQTykDncGmUux7iLgqSoFGc5gkKzJLEMOU5dQS1NWrGTqOplB0l9hUoqzO8M8O5kLMxLlwwSsAhlMXejKBDGNFjsMl8yEgzMoCgkEgpSWSmgIFAr9RDsNmSVZwlKMrFRSyib2Fcr6G8FVMyqSUAEMWAuzOw1dxbUiObq685ztv/BcYpRok4SfkWAQMyWalBq1dvpG0wOOSuWFFCVKJAUBcjNQ3Zkgk+UY9ILBamdnJGr9e4+ES+F4hl5gqn8wcEu2XsSddoX0vVPS1McPnOPoMrFM2aJyRLZRUprKAqUt73KmuoZrxOmEGxcKF36WAZiSNO8VXDSrJkuEMVLcJzKVVSwAeUUNPnE+fNSEvQpQjMCdS1wBU6VHWPSiyBxKSFTEhiEEElgAFkGmZrgDekUnjiXL/wAqV5gmYgjKUlioEgFJa4qfSJoxMxSqqUzOwVY6BxUtv0jB/wCIGIIxCJYUWCApQeyiSDQW5W017wubwSc9kbM1PUSaqq+hOn3f9IRag16M9TU+lH/SBoSCps29Sfi/eHEHKwLks48r97jzhFHMcm8grto+xFzrWmm8NQACx2q41/beCLATQijMX33gYBenkaG+xHygkDQ5SBSr7gEaNWtd6wxKCQQx6f22b4wqk7E+W+tdv1gkrorz66W84l0igKZBKhV7fdOrCCr0e5Ac+XTvBlI11JfW7anvDZitC5pVr+v0it1ltHgstdhZ/q/oI9MqSr6dWfq9YaJmYAM70uP+0UFoGlR0GrttpESIw8klLEai+9bd63hy10FGbRttj3gAW1GIb5dfjSCKmpJrfQimbpaKazYSaqhUJKjY3uNy1T1e7bwQoLEAnfo7wDOHA+QFR1f9okpXSodqE77jt0MDKwo0PlzCCw+O3cbQ+WsqoWuzj9vP0iOVJo92tXz6bfvBkqe5IexGtvIwuSDjLsItPVlPatdKG0MkrDFtAaBz5vEiYCRQVpate0R5CCKMxD6aHqNO8RZiW3TEJ5gxsavtvdj+8ehQj8Tdma33849FlqzTtHiI80K0bDoDd+0R50SDEebEIZ3irqUJaKrNgLvf6RoMNgSUImqy+0yi4arPQqqlQU2m+8Z3jGHJmIYs5Z9nI2rGnmzxKlgKKmytmUzkjdKAz9dY5/XSlhR5YDSttgVSwlaDMmTGKuQAHK4upTC9mUTsQIOFlZzJFHOY2zJtmANWejmpIJFINLnlUlMxJUQAC62chwCCBSt3bakMws9E0Z5QCQpXvEVIFPkKbUpHNcm021xj4QSS4CYaaQcuXMlyHyszbjyPNEyViUBsjZQW6PqO9/N4gyEhM1KQ6nrmLNQOBXm9XFNHh4W0zI4JUMxBuQ9VOzDSkJnBN2vFlq0bLhE5Gr0Q5SDVRdhy70oRr3iXivZ+ymulRyFgxKlpGUMwuQSGy2vGYwq2bMogUIUA5BBcH72iTjcao4paF3QhOXKSykqdQJQTlBdxT6x3Oi6r1YU+UkipRySDjzLSqZMlKCQMxKSCWAtlFejxyfiWPVOmTJi3dayX0S5oKUYCkdbXNSEKzORlL9mLxxf2xIFaHSu9vrGp5MvVPCQVIJcbVoOsSEpH5mpqRdtdSHDP2iFJmqelwfTf6xLUmjkejV69O0C+TChUy0mqlFth3pq/W0BnyyA1xceem+0PlpJNWr6bPeHLQSWLBIanp3e8Vwy1ngSUWJrYWAam7/GCBVXZgfrW400gSkZT7xLFqk327QkqfR3NRYbOd23iqvKIwk6ZRrfQ2+NafpAanrvW/wB7R5cxwHtQtp831hUqFBZQYfW4++kWlSK5HaAsd307/tHiRV2NabfXe3eGhTuSdfMN17fOPTCaHVqdW36xdEFCBXNS/wA9fvWGquN9aMx8u0IlZJFLltL/AEtD3ch+wa+14rKKCrU4qKUo1UiltWpCggj3afHoH+kBE05g7itWPxvBA9RZIvX79Ipqi9wwSXsof7TcQXCrFQom9K0PcfZhl2AFSKf1b+XpC5gL9NNftvSKllUFHDslqmnSlmOnZ/WkPQv1sTXbrEZZHdmuBt5aQ9AqcpdizHbZz1+cJcVQ1N3keBSmprsD31taEhZcwKVTl/bZvKPRGMjVH//Z');

INSERT INTO photo_gallery(id, description, user_id, image)
VALUES (7, 'Jardineria y Paisajismo Vida Verde', 3, '/9j/4AAQSkZJRgABAQAAAQABAAD/2wCEAAoHCBUVFBcVFBUYGBcZGiMcGhoZGiEjIR0aIh0dICIdIRoaISwjISIpIBkaJDYkKS0yMzUzHCM4PjgyPSwyMy8BCwsLDw4PHhISHjoqIikyNDIyND0yMjI0MjIyMjIyMjIyMjI0MjI0MjIyMjIyNDI0MjI0MjIyMjIyMjIyMjIyMv/AABEIAL8BCAMBIgACEQEDEQH/xAAcAAABBQEBAQAAAAAAAAAAAAADAQIEBQYHAAj/xABCEAABAgQEBAMGBAQEBAcAAAABAhEAAyExBBJBUQUiYXEGgZETMqGxwfBCUtHhI2KC8QcUFXIzU5KyFhdDY4OTwv/EABoBAAIDAQEAAAAAAAAAAAAAAAIDAAEEBQb/xAAuEQACAgEDAwMCBAcAAAAAAAAAAQIRIQMSMQRBURMiYYGhMnGRsQUUQsHR4fD/2gAMAwEAAhEDEQA/AK3DThMQhTh1JB82rDwmoYPXqYreCSDNwycswJIdJHUGnwIgnCpU9E1BWFZQCCTYba1q3rGPZ7mbou4JpovUSDt8IK+X3gR5QXMDbOew+sDxKCU1BAFXLfSsKemuaIpt4sf7VJBANwflAkpJrkm1/wDcAiMMQhN1geR/SLf/AE5CzmPtFOxohtA2jWjd0bpNMzdTHKZC9nvLP9U6JGAWhC3VllgggkLzHsxNolI4Mj/lTD6D5iCo4Qn/AJP/AFKT+sbLRloplFG0nzJMCWtOhk+SFGNGnhwH/pyx/X+jw9PDx+WV8T9Im5E2mRnzwPxoHaUfrB8NNaVKZShykcqAp2JGto1X+QA/5Y/+M/UwxUqWkuqblozJypHo/wB1itxe0zqZizb2x7ISIcBMP4Z/mQPpFxMxeET708f/AGp+kRl8XwIvMB/6z/2pib0TaVa5Ex/+HN85sAxIKAStAAF3mP8AIxYr8QYN2SlSu0qZ/wDoBx10jGce4yStSUjlIy1SxyurKW/NlKQTukxUp4wXtS5LmRJeYlfIEjNZRJPK3pzCLIcflS0ykKd1qCQ3XI57AK+EZXA8byy2CalKkqZmyFVamoUwSkHuGs1VjcSubNSqYkBj7vnbu4aA32Ftxg6mnEhaXBckP2Dt8wR3BiMoCMt4Yxi5hKfwgZ1KrQu2X0YdBm1Lxo0zQbfCJdl0Gbv6x6u/whoVDgYhTHAmHhXQ/faGgw9MEQu/DywAsuLgfA/rFsmep2AUz3Ao3ziBwMtLJ3WfkIrPGniE4WUkIAMyaSlLk8oAdSuVQVQEAEG5EU+CRjuaRRf4wTv4WGl1GZa11BAZKUgf98cuQKHqYuMTjVKZSytZLsVEkku/4iTuYCuUh7X2+cIepfY3P+H91JPz9eCsKebeB1ibiMMUuWcaERFItBxdnO1dKWnJqSobvDTDs0NMGIZPwMp0KO6kj5kx6DYUEIlgakq8ny/Qx6FS5Nukmolz4Qm5UzZaqZVZmPUMfkI0PtUuwPl+0YGUlZnZUOVK3VelyTfWLtGEmJVmWpIIq6lAfV4Rqaak78j9CXtq+MGvw4JDgKGxp+sFnrU1AKXc/QRCwmOQoGWlQUUhyxox693g4UoMNPUmESSTp/uGreQEzCZxdIfo8OXxrGIPs0ykFKWSFqWrmAAD5RbtElA6/D94l4eQCHMO6Z+5pMDX/Ciq/wBSxytJSf6VH5qhi8ZiswSqehCiHACEijtqDGgThxtEHjHBEYhDE5FpfIsXSToRqk0cRtoyv4MlxHjGJlTwiZiJnslfiSQG390XBo20SPEJmSpQmCfNUSQzzFMRffURScbw62XLmoAny2UFi0yUzEv+JqF7gODaK9XESuQiUsk5CW15To52q0DQhzas1XC5SJsxMskr/g+0WSsllO2X5n0i2ncKkSwCtKQ5yil1HQehjLeD5yZap2ImTFIQhICiA5VmNEOaPyjR6UaA8Q47MxWIQocktBZCVEnRi4FVKI0HaCpINTwbmTw2WUhSQkghwRqIJ/pyPyj0ibhppUgHIU0HvBja+UCg6U7Qq36en7xdIYZ7H4SYl8iQRcJzEktsCzf0l/jGD4y6l5mofuxAYu7jfYx1TEJcMX8gx9axz/xmgCYksCpQLrpVjqB+IAhzq/ZqZU/wlZwiUSFGgS4GY3B0yJ/EutBYX2aPi0BMxnLg1zCrvr/NvF/wpEtCE+1SkKFAkghqAvSqipxegsBeK/xDh0+0SUBiu6QX2r02ZzaBwV/TjlBOCKSAoLtokfiNdLChJzGgaNJw9ZVUhhoEmnpc/wC4t0DVOa4UEpCieYg8pajPU5bqalLb6RqMLNCg4Cu518rRUR9YLJCoKkxFQYMlUGLZISYeDAkmHgxCjQ8NLSx1c/GMj/ifipaZMoFIM0rOQtUIAGaujko7t0jRScclMtIykkDcbxReJ8P/AJlCAmUgzM3s0qU6siV+8pqCjAubNFSmuCVJZRzNWJBSQ5oOUau93h6ZqTLfMQoXreI2IkFExcs1UhZQW1KVFNPMRa8M4CqfLKpSVFaFhK0rISGykljoQQzHcQtxig4dVqW7V4oGjFApKnLCn7RVrU6i2sac8HmyUEKw2cEmrBRZrv0tRoE34VBQI0qlvRn+dYOGkllMZ1GtLXilLFGdElR/CfQxIPC5zP7JbdEn6RbrClVzBn0qTu5Y+esOkSlGqUk9q+ikmjwzaZfSQbB8BxKsp9mEpYAZlMWG6WJd4WLXA4HHfg9qlzckgN/V8xHoVs+R6MTKmFUyVl96ifi31jTq8PTDVS0J8yfpGOciooRaOlo4gFISr8yQb7h4TrNxqi+llusi8F4SqUtSvaJUCMpDEVuDeLsIfWKuTxAOwB5qbbxCxPH1D3UgHqSf0jO6ll0a1GTZPnY5lFLOAWvtFtwKcFIUGIZWijqP2jFI4gqYo8yErLmibm+pv+kS8JxGYgElSgkgVSkgEubsOsN01tlf9gNSPsrv+ZucRMSgOUv3J+ZeKLiHiEIVkTKzEt7jFWV6sA+jipF4p8aVLS/tFAa5WUw1d7RFmzhIRySyUkXBqo7q1831tGn1DG4su+McQwmKluJqZc1DmXnGVQLF0EG6VAEHahjmkX8zDy5hJWFpLUzFPL2y+8K6mKqdgVCzHXtVvR9YinF9zNOSYBMwsEZiEu5Gj7katGrwPEfZMjByHLDNNUA5O2Y0FNHodIzo4cs0SCVM5DW1FTRyKtD8RhJoAUCVpa6HYCxDCottBXfBcU0ro1yuP4tm/hIc+8qZmPZmA+sPmeI1JBC5icyfeypt8DGCUlOVwovsR8XeD4dUyWXQSKVazGgChauxin+YcdSnwaPEeKH/APUmHtT9Iz/EsUJhCua5DqPawj0vhsxXMUKAv7rU6CFGDluUmaAQ7HIcpalFAmhahavSLRJOTWUMRiV5gsBympzVB0tb0ibiv4iTMytqAGZIZveudSRSpEQKpo4IVdINj1Bs22sGXxJXsjJSAEKUFHUv32tYaXgWnYCllp/mF4ctIKmUwoxNSDqXFhewcgiLbDYkvRTL/Kq/oqrRnsJMUk5kitWLa06QWbJWslbOBUjM5S13HvAPqQzkbxVe4dpTmlng1sviSkllgfI/oYk4biyTmzkJBUQgVcgUc+YP2YxH+dmBOUqORW4fuHNfLtDBOUVjnUCzAvqdvMmvWCTaKlqq+Do2CxqJgJQaAsdK9oNPnNQGpSSNDRv1jNYTFBKf4cwBSQzPtukV+EUGK4rMVO9pmqBls1K6Od/gIinfBJTilaNcjxJOSvKuWFoDAqArmNbgDRvWLvC8Vw8yhUtB7v8AofhHOP8APKIfNVzQEhzoWFxp5RcYbGSyhLkCgzFVgf7vCmgo6ikauX4LwsyZ7VEwqUVZyAvV3qDW8aTD8HSgFgzkqLC6jUktqYw+GJABQssairjy/aLrD8Xno/ESOtR6K/WJd8hpJcGmThW/tHpmEQsMtCVDUKSCPiIrsN4nBpMQ3VNPgr6GLORxKVMomYH2VQ/GImkQjy+DSE2kyh2QPlaJSJKUhkhIGyQB8okqlwi2G333i9zLAkCPQ1eISOv3vHoG2XR88RsuE46X7CXmS5SCk1a37NGNi64HiUpQpJQFEKcObAhrC9oLVjuiJ6SVTryaPh+JTMmBOTKGcEKcuO4i0PC8OKmUg/7q/OMqniRQXlolpVuAT8zExc+fMylOdlJB5RR7FiLVejxncHVp/Y6TVv8A2XszDpT7ksAM/KlvjEDHz1hCjlSwYMog3I6wPDYScXzA1/Mf7xPVw7kUJjKSU1SHqBVtIWsSVkaqNIzs3ErUkKRLAC3C0+8ARR30Ba1IrJ84MTlKBoWcPblINLWeLuQiWtM1EtWVaDyhSmKmdgp3cNRz3gJmolq9mFB1FpgJDEEP7xsQfKvSNF/Bh1Faq8Gb/wAypRYl6MHh8qc5Lks2jC0Mxike0UZbBBqBX0gSVOqtX7D50h6SowShmjpvh6WiTKC5kxASzkuFUJo7d7mKziXEZSjMWiTldKQFZ8p8pdgAKZRQ+cUmCx6wmZKQUJQblQckMHDi5A1gU5IUHUVKUNVF/TQPy7dYVKWKHvUUYY5GY2fLVMC2AISAQEgCj8zDW0PTiA+jEXbpo1tIrp+FyVfMnMzVBbc7WIjylqSrKlKkh3ym/wBiL2JrDEttuxZpJJzElixDkgXDuTv1iw4NwCZiCv2akpSiilOSHNgwBNQCfKIJJJYkEF2zenpS/eNX4A4xLkKVLmMETVABTE5VWDtoXsQKt5a1+EONN5IXEfCnspK5hWqZMSCcqZeUDckuSpr6Rk0gWNHN9hvHUv8AEhc6XKSJY/hkq9sQHa2Qq2rmrYkDpHNlBwnlJBsT0vX4wuTGuCb8G74Tw7h80JRKxmYN/wACegcyv5MzAKJdr39KvxB4fmy5ihUJytmWQ4SzhMxSbmrUBCmTWM2vCqCXWRlFhQv6W7xbf+IZgkypRUtpYOUmzEksAQ5Ach3+kLlJpYDwlTwUklawCQSMvchywaxA89oYtRd6FtQGHwAjo3hXgcrHJV7YO11y5gBAOhTVyR6RsZngvCLQlPszy15VkEgMzqA5xvm36RcXuV0B6Sfc41g0e1QQQwCqrYkgGpBOpPTYvBhwdK+VCwo0qrlUKe6zEF2oSaCOkca8BomLSqTMTJYvlKXBozslqtqdtIJwnwZhEBKZsxU0h0qSRyqOtwaFVWdhCpQneGXGMUqaORrSmWohlOCzpWD3qP0hMPIMzMAegD/Hrp6x2xGA4aEmX7GUZf4uQqSD/uJekQlcE4UsEqlSkA/iQSAKa1pWrV0hq+QfSSdnOOGcQTLlnMaCrV5VapY9QT5xNR4ml0ex+HeNDifDPClJUuWtiA5/ik63OZyH+xGc/wDCcpDqmYtIToAkuTQhIrWj1pbrQXFPNhbpLCReYOemakKFjEn2I0JH3tBsPhMMiWlElVUpBU12NiQaDU3gc6YEsxJDe8xA++sDQ3JKwE2ckHKoMaVKqf0gwRZmq96YB/tSPmpzDUYlKUByN6n70itneI5CFEGY5H5QT8YG1eAoxbLMYZ/eWtXdR+Qj0ZjE+LxzCXLP8ilEX3Un1o8eiwtj8GDiw4JMImFIDlSaBnqK0HZ4r4ncEXlny+pb1BH1h01cWYdKVTT+TW4dMwM4IHVkj6RejiEsD3ge27D9YopuABN0p83+QMNCBLdKlE1eg0YUr2EYaVZOvVvH7FzO4kn8KSfvrCGcZqVIIACkKTQ1qkjUdYp5eKQTlSKsWdWoBNh2ifwVSjzTciRoGA+cWo9ySpI5wBSoEIpLRP4jhj7ZaUgHnITl1GY2AhicOtJOVKgdi1jZt6G8bNyOX6cm6ohl49EmXJdQsbZn0elQC7vHpqUIJQzkEgq/QWi7AlBoFLmlPun4fDtEgTFAOojWr/TasAWtKrJY7kkn9P7Q5c8szkgix6UHw+cU1fYXJK8BJmKVZJ5SAG7F3fd4fiJCil0hJq5ymvSl966wCVKUtgkP569+rROw2YrDEsAQTSiWYsN7DqT1gZY4Gaem3XgjS05QkqcpNSxdq6AH17RLwaiFBSCsH3syDVJOpUz2Y0tWFEpKStU0GYAhkKCmrlOXMBV7BtOsClyQ5QkrUlWVSRoSWJChZ716Q7Tk3gOcdrwjVcM8Tzhy4sJmyFkEianM6VO5QRUlgCx20jWYXwpwvEAzpUtWWykJWtKUkj8SUnkUK0DC9C4jmM1GYAvViUV5UgVajGlB3Or0tfCWNTInJWULKlcvswWBCuU0FFGwALe83WDlBMkZO6OhcR8PcPw8pU04dBCEpIclRcWHMo1JudaPGd/1PA4hafaYYHmYMWLAMHAYUDltHjReLcLOnYabKlpSktmSHGZWVlZR/MLBtSI5lgMCqWFDES8pSXKFUWA1WDuHr8Iy6u6KtMbuV+47HhcDhsFLUqSgIQSDygkGhYF30F/lFHxjxZ7JwoFJUlsiWdmoSrqNREjgsyXiMMhOH/h5CP4ZVvm94m5IqBfXWMP4rwhMwzkOZayEuAwQofgPdnGl4kpSpNATntg5RExHimepQZQBFjct1e5b6xCXxSeslapszm94mg9B0GkVhm5S2WvkSO0NM7Uv9et4V7mYnqybyyf7UarUQdQ9+33eGJKXAVnJ9NdohpAJ5VeRB84Mlavq9fswLiV6rLDMmwA37R4LawbV2B9YhpWxAB62p5Hs8STWtj97QpqhsNSxF93vuPhBUBRSQJig+jlvT6QBJYtUH4K9YMEKP4vgKRNzXcNOwRlNcnav6RDxWFTdDO2gp6aeUTvaKFC9tRA5s0G1jevr5dYuMpJkU3Hh0Z+eSG+bx6LVWHdWnVmNI9GlakSnq6jyUUOlTClSVC6SD6F4nS+GvdTQipUuWQpyogvlOrQ5yQfpSWTaf5pCxmANQ439LjuYBicKhYzLzWbVqbgNWu7QmBnrUlJzSyVJzKAoXP8Ats1y8TMOp6vTYih6hg8cXV1pxk2jatRtFZgJKkFWSSjMksClN+oJfTrFjOXl5l0TdRNhq1H9InBacqgplFvzZWpqRX0jDcU4rOmBK1LICiUZE0SEpKTROrli5q4jd08vVjdhT1NuUiX7Vpk2ZLygLWVJXlzFgHLXIr9ekRf9TmsokEppQ1T3YixIs7isVs1akjKX5uavXuHelxTvAwsqJcmvR4d6SbbZklqyulgk4mYlsodveqxLmtGAAS/nDp+Vcx0oAF/ZgNoxZno8SMLMAQRLyHKHJWhDkXoLm2u4h8vGTFAKClKcigAABHbamxNYZ8IZGKdORWTsPlIcEPVjt03hZeGUElRB0NUmofeg+sWExEopIWFqVUkksxBsC5ASaixfeJC5/tTlKh7Q0AWKMfyg0BFTv8IJ2lbFuMLf2QPCcIUeYS1ID1UqY2XsGq0PXhB/FVMORQICUSnOej5syibhyau/cCDYmUnmQkmtVBVW1og1Na6eesKSE0VmqVFg55W3BdVQkHoUiLhFTVlubg6qmh6VFmTrzEAAKBZnSVcz7q6O0eAKWzAZg7ApLqFwRm8iBShOrMZKfaZlJC5hdy+U68hAcKUouHSA+rM8SU8LnqR7QSZhlEtmmICXUQxGZZS3U+67bCHKooW25ZK5WIW55EJUxf8AmzVqkGpL0fr5SeDcVlyZqJkxHuVAQzKLuygbBzcbCB8RCpS/ZzgMwTUpU6qWGYFWw8oOcfLVLSkypf8AD5llKCFLdwLuAwCQ4re94Q5rlWJX4uaNN/5izFKQESEkFKsyTSoJKSJhNAAkP2MZjj3FJU6cZqMyCtIJDlgulRQsKA02pFZiJjLUoKIvRQd3FU1JJDFngZKVjKyQoVfT9z93gW75KlJtUy74Vx1UoGSla/ZzDzMQVMygRYakF3oQDvGlkY3CJw5ClKmOHmSzUEAgpYpo5Idxq9aRheHYKZOmezluo5g+RDkJtna7B6jrGo4l4RxMuScqVLUCcqpSndDag1DmjabtcXF9g9NyXGUVasKlf/DJ3KSqu4Bozt2PrEdUlIORQIUOtP3HwhMX4fxkpaTMkzEAkJStJzCtmINbt8LxveG+FxPlS1KczMgFigkEk3DpJewULNCtk06CelGV0qf2MIZAUGSK9x8vu8ImUQmtNqV+FW0i64l4WxMta/ZyzMloUeZJTmG4yirg0oDaKNE5Tl3Lblq9rvFOMkImknTVDlpylKmKQbEgMS3SHLyEgPRhUEM/38oEtSnqm/T6W0hiiDamtKJft/aJVi3JLCJalBLBzTQsfv8AcQ6Wsvlo463H3vAETAWBb9PP9YcpWW9fOw+xAOPYJT7khWbzF3/WEKwzMPTWBe0UzNTrf4iCBjtTT+8BtrkPenweCBqPpHocgaH7+dYSJYdojoEV+PTQxbJlwDEyg1njWnk3yVqgPCeIoly1JUHcml35WD1oDT0g+J4n7QJyAoIBcup72B26bUijSQlRpawMWvDsGZ7n3QkULO/Qb2hWppwi3N/99CaDilTeV2GSMapKwoLJVoS9vrBZ0sMFJSF5nBBB5VkuCmwq4pW3WL9PA5CkuEk8oSkodLbroS5Po1BEhfAJSmKHl1SWSTYEkgjc2fRozfz2lF919B29SVNGUxKPar5mStIZfMCl9ClrJ3To/eHolj2aCFCUXyZ03UB7wLG+3bqIdxDh5lBCVUckEkENq4UKGhHaBTMVLUR/DKmay2ypBZqClKltWjZv3JOOTPOSi/kNiMKFkZJgSCbTFKBAYPylwdTQ0eHYxQDIKWCDlTzHJRzmejKAU1DSl4gYkpUn+HofdDuS1Vbb/ZgmHkzJgzpBIBqEsfw83IRUlh+8N0bvImc3LCHhQVsSKchYHqr8zFzm+TQP2ys4WgZQkOAkflpm289I2nBvAiS03FTDlKQQgFiCQ7rWoVa1B+9b4r4KZQUqVmVLGVBzpQklSi4KcpciqQXSLXOjdTyK2zTUkElcE9pMllU2WrOCc7LHsykgKSQoAkIdLEUud41HCvDvDJeSaucicoj3lTHBLtWUaqYpua0tFHw2VNw2Bm4ohL+ySJaeblJUAFA2LFyR/LUsGjFrxB5VVOipgJzEmpre3zgE2uBttu5cvk6jxjxRgMIJowsuUqepgyZZA0BVmIAYJDhINT6xz/xFxaZiiJk9aiw5U0ypBuQE3Jo5PxaBTZafYFCUp98rSsA1ozEq6R7AYJCpaVLVy3ZX0IsNYjY1LtRSywnMHJSHqwcgan6xqkcIws8BQxqgstm9qoOAzVSohW2pEZuclKSUoIU+oFK0F60c17GJGCwoWplBSiaADeKk6yBDT3OqRHx0soWZZUlWQsFJIIULggihBf6aQx2UDTsn9RG7/wDL1a5SSVtNYEhqAEmqqvRtg7xrPDXgyVISgrTnWUqBWAk0c1Rmcpqd/nF0Klpe6uxlvCWBxQdCZRTm5lk5QSkWCDo5qTUlo6rJG42qE6M5SdXpd9oEcEEh0sFkjmADioOZtSOWnrDMVilge4HB/DcHQjU2dm1vBKPgZCKiqKjiHieVK5UpowCgo8ty4yjUU+A0i24dxeTiE5wpIV+QqqDcN0Y6dRHHuPlaJ0xJGZBImVLZnIJIamYEaNXvDeDY7M4cgvWgfZ6deusZZTnBtvgNSTdHacRhAoOHCwOUqUTlDh3OrOSNIwHjHgEoy14iWWmuFLA5gqrKoKBQZ6UNXu8bXgZC8KghUw5SRmXQnQ/7U6tbTeIuMlgzVl8rMWYByaOA9UlrjrDm90bKcFNNM46shqaWP3T4w1Cgz2Ha58m7xZ8SkZJk1KgM6ZigQCct6N0rTpSK5ac1EhnDt+33eMqZz5xcXR4LJPTcD7+zHgoE28wdYElK6Fu1dBDVrs4sfsMYLb4Ft+SQXAZJNKsW87wiZ6gTTvt0r92gaJwdg42fvaHrSC5NGuwv6RVVyXfgk+0J026676wkR5KgCz31OhOjDVo9ANIYpMmKLXpDJoBDwdaXFnjy0ACNB1iiw0sHEIBCTmLMQ4tdiQ/r62jYSuHpk8yHWlSsxdqPRTaAMTasZ+VNTLnImK90OFOHoQbairWjS5FKSUgkk2VSnZ6dGvGDrpS3LOK/UUlVoPMQAEkBQAryjlpuNRsBDpc1BJKfw1LM9dD1b5w4IZJSLllAEONjRxe0AmhRdkjIWUQCx7EEF/UUjlqpYCdorfEMgmUtIF1g51qADWu96tVtYxBLZkkAl7guzXZqF946TiZHtJcxGVOYhspJCbMHNCK/KMPN4YpEtX4ZktWWYkkP0I7v56R2P4fO4OL7MVqQ3O0QpE9SQ34T0duo6jvE7CzpkheUpzhQByg66MWcH9YFKUJi0gpajMNKtm0cgF/KJGPQPaTMwUxspNQGABcfW8dBckWnStOzqPhbHf5mUlMwH2iVFKx+JWqSrNzOE0tFnxTw4JpAysBmUOfKUqy0JSQcwJLM4ZyatHKOA4zESlpmylJWArLmzs1RVX4ilvwsaaR2vg2NRPlpKFZ0glKiQKTEnmJ1aoZLWIg07VMJ08orcFwMSULyqmzQpLiWpSQCoAslwkMDUVpXSOXcTkKlpMudIVh0LVmScrJJzBwluUpApQmjbx26YjKAkEFJdkgO4uwJ0an6Qs6QlYKFpTMFCAoChcEdBYGwsIppdiWcLwnDFzEzFypcxYlDMo/yk3CT7wuaA0EWuB8H4uak5pJlBvfnDJ5MObzygR19CyVODQBiMhGUl62Ys9tN4jYtDgshJzFlbEmuampBtu3lW2+Q1Nrg5dM8Iy5QyzlhZAqpDhIJDul6EAN32EP4VPkylgypfMjlUrK6hrdVM2r9ok+Ilzs2YJWWJAA0SnM468rljGVmy5k2YlUuXNUQxX7NCiS5DUTZmNTWoG0Y9TTm5YbXgF6tYN5gPEM32nvBSj74N20vej2NKxtsJNExBXYu7A0d3zg6gF30ofPm3hfw7OmhSpiVygBnSheaoUpdSS1HBfXXWOj8OwnsZYQwFHUXcOHU/MXZg394bow1It7ngm9SXBLS9D7yCHNKuH5vhEWbhQRmqHIUSSKJcApDhwCG9S0SkzEkv0fl1dqMagsH2btA568iklSgkXSCRUGhBc13fpGmwTO+IPDEvFS1JW4Ka8pAKhQ8uegNr0vaKXhH+HvsifaqXMqA4oRupIBLsGcdKPG4xOKTkzpUCHYAF33qLcun6xETxYFCxLlEsl0hxloKC4yjW8DKnyRR7hitEqQMyshQn2YyjMArqnqWJciM/jlBGHUqY4plzo/MXZmsc0RZ3Ec8skzHQQFZhl7itz0HlGWxvF1zEpSqgoSgFq/bwnUmorATkoq2U+JUWGZ81y5PMTdVDXX1MACLDMd31HnB5iiSKltiA/Sp2gUxKwdCe3yI+sIi8HOkrdjVK1prvrr08toctQopm8h9bCkKQCQdDsTfrszQyYhPvC/e5iwXFiKfbtv+8NBY1cffSHrqHfo9CPVoaUkd3v1e/nBIFxyCA6sdmj0FQFNVjW5rWPRNxST8FqUvCql0iUmXDiiGHbM5xPDEpLXi18JzlKlKSFVQSG1ANXHS48odiZLiI/AkZJygFsCCoob3mq72Dbawnqo7tF/GRTXuTNCrEZCAVMFUCltUsTm7gB26wMMD7QqIIoGc8u4FXft0it4lxCSqWylIKgQUpUDlCtNnAJfs8QpniBQCgFAigcUt75FaJqMtHoY5sOmlJWl+YT5SZqMNiE1BP4mDpyk0/f8AvELxNwWWuVNnIJTNDKVzH+IAwYpNHZmbUCMzifEEwhMsGgIqRUqAAd7fB6xZ8I8QqYomoQtNjnuRm0c3Aev1jR0/S6mlPd2fKCXutGdwcgTJgpmQLuSGegJrfo+kWK0zZKlypaQoEmjuKhRdv9pTfbrGkwXhLDTJhmonKRhzNAEplEqCUOoe0qQyiRUUY9DF/wAR4XLwmDmFIQSSlSyokkoYiiwyru1a+kdR3VoFUlnDMRgODzAomXMTKSnKCDzBRfMz6JcOCa3joPhTisuVLCF5QVOVKDsZpuxvlZho1TrHPMTxwKAUokskBIzVAegJZg1N9DWCcFx0tcxEuYqYpJercgLcyglNSHAHnWM6nqWRyhwjuKA6HsCMz7Eu7QE4gPUjMkZjmOlC7WA6/SI2BWjKChYAYUBdNgW9o9TYjpE2dPSyiAWSHVRm7G3qbaRrQsVOf8qhQ5gK1fQvV4bOnNlOYZm/pJpqA9Q17Q3EYlMrKVryAhk5yQ6vygPUml62iNiZsyZKmCWvJMKWSo2CutNQWfziFj5qJJdOZCSA+hJTUlIfoT1YxVy58uply0JK1ZyqylGleUhhenXvGU/1oSgQocyTUAEsXL1PURn5/iCZmUU8qVEkDZ/ynZ6wp6ngqU4Q5ZtOPcZAmoQSogIqQeVJtqXdQ+UR8R4gTLSBLmXUMx1ysaV7jyeMCpSicxDk3FSRatbwALDcw10+bH184D1JPgzy6vskdAw3idADLL1bflO8VE7jTTJhTl9mVcgKqhLCjGwBekZqUmxL2v0e3etoSYghzR7Mdt6bWgd8niwf5mVXRpZviIFJSlRQrRQYkF6EPQnoaQk/xLMUkpXMKkqSyuUCmoLCgNjGZyEaBruHva0eD2877d4q2+GC+pm+SdMxdcqE5a0GWlGgK5ZrQknpQXpsLaQCWK0ffr6eQgwUbAuL9j6U19YW1XAO9z5GSyCos+za6Xc/KHzEFOv9rCGlThyzk3H18oclaS2ZyzbtfTfyi3ZIpAiAzak608oYsUo1Rp+hiZNkkE69Cfve3aIypZSWrUgfD4HpFxkmVKLQFUw309W0jy/2poBoYLlIFh1uGuLWhcjAKJ0qzVH23pB2hdMEVEkaaV9O7Wj0EQ2rioDjXodI9A2GkarLDVJgkNVGg6pEmpEUnElZXOUHZ930A+OkaGamKficstS/39IFqydygXMUSTZ/xHb+8BWsJ5UlwPjDzmc0GyvWhr84jlja7228/u0HGKF6k3wj2ewBP94chda26fOPSkA1JGv38Yl4DArmLEv8IIKmYHKSHZ6OxJY7GLlKMVbEpSw/0Nn4G46ZbSQHUpQyro4Uq4cqAAI1Yl2DGNlxCYtSFoBSwoEkVLhwS9AnRr0eMn4c8OSpa1qE2ahQ91WVFA93UCCS4tofIbiXlKFBYKVy+QvQLdmUK0RUM9b3iaWopRtPBolk5V4r4YmQgWSZiicl7C4OhsGtVtID4N4WufPQg50pXQrApkZTnOoEAgpDC7jpHXsRwrPLyKyOsZlMlwlQoGBdVmJf+btFphcDLQlATL9kkIKCkME5XeqRT8NCdCd4KUYidnusDw3DJkoEvLlCTylnBBSyU8tST7xpR2reJuKWlKVkg5SOYs4ICXNRWnpRofMUlQIDLAAYOGd3Cifw2A6Rl1YpU1yqYczl0k0QXPLygA5bOa0gW6GpWQMNi0zAC4INRtXYWjO8U8SzJUxcuWsM5CSK7UfcV9IN4sxSEq/hh1ZQFKBID1qw10jFqJJD71p1q701hO52K6nW2rauQxxbupR5nsXqSbjWsBWsqYDKdA23n5wikE0DMKAMHZzZ/WGFDGjEfTekUkjnybYZSrB2NBW2/o7Q9c7RQI+IZ/jaI7MoMKa3ND0MPUsEMk30sx2FbRKJY9M+tPM2cbdqj0j0qaWDBinb9Dd7PEZI0NCK1r5D71giQk3oD3p1BiOKKtktMxhy0F0611r52gcxYNS12er/AB/SHIQb67hxT6vSGqIKlUqTtXttAJKwm8DkClFNpUfJrQRRUxzDS9a+YgcokN6U3+h+kFHQUIqHt2inyRMCEAh6g7k3rSmr9IUFiwYtbU9u9q0h5QFaMfnXvX9oYJWU6qG+r+cSy1a4DiW51JA8/I+kIrMSxOYPZh5/D4w+UVFPMKm7+lOojyqOLkD7tVoXeRtYI8xNWDgtTtt8oSYhjcBvn3NzBVTAGegdwR6aW/eFmK0Lvof3EEmwZRiRElzlDt503aPQZMgOACHpQ3ZrvHoJyXkFRZqmj0eEKaxpOqMWIrsbLcHrFkREWcmIQxmJw6grKHdRAuAHJo/7xLT4enlQSUhKinNVVKKYhxR9W2i1npk5P4gRmK8tQTykDncGmUux7iLgqSoFGc5gkKzJLEMOU5dQS1NWrGTqOplB0l9hUoqzO8M8O5kLMxLlwwSsAhlMXejKBDGNFjsMl8yEgzMoCgkEgpSWSmgIFAr9RDsNmSVZwlKMrFRSyib2Fcr6G8FVMyqSUAEMWAuzOw1dxbUiObq685ztv/BcYpRok4SfkWAQMyWalBq1dvpG0wOOSuWFFCVKJAUBcjNQ3Zkgk+UY9ILBamdnJGr9e4+ES+F4hl5gqn8wcEu2XsSddoX0vVPS1McPnOPoMrFM2aJyRLZRUprKAqUt73KmuoZrxOmEGxcKF36WAZiSNO8VXDSrJkuEMVLcJzKVVSwAeUUNPnE+fNSEvQpQjMCdS1wBU6VHWPSiyBxKSFTEhiEEElgAFkGmZrgDekUnjiXL/wAqV5gmYgjKUlioEgFJa4qfSJoxMxSqqUzOwVY6BxUtv0jB/wCIGIIxCJYUWCApQeyiSDQW5W017wubwSc9kbM1PUSaqq+hOn3f9IRag16M9TU+lH/SBoSCps29Sfi/eHEHKwLks48r97jzhFHMcm8grto+xFzrWmm8NQACx2q41/beCLATQijMX33gYBenkaG+xHygkDQ5SBSr7gEaNWtd6wxKCQQx6f22b4wqk7E+W+tdv1gkrorz66W84l0igKZBKhV7fdOrCCr0e5Ac+XTvBlI11JfW7anvDZitC5pVr+v0it1ltHgstdhZ/q/oI9MqSr6dWfq9YaJmYAM70uP+0UFoGlR0GrttpESIw8klLEai+9bd63hy10FGbRttj3gAW1GIb5dfjSCKmpJrfQimbpaKazYSaqhUJKjY3uNy1T1e7bwQoLEAnfo7wDOHA+QFR1f9okpXSodqE77jt0MDKwo0PlzCCw+O3cbQ+WsqoWuzj9vP0iOVJo92tXz6bfvBkqe5IexGtvIwuSDjLsItPVlPatdKG0MkrDFtAaBz5vEiYCRQVpate0R5CCKMxD6aHqNO8RZiW3TEJ5gxsavtvdj+8ehQj8Tdma33849FlqzTtHiI80K0bDoDd+0R50SDEebEIZ3irqUJaKrNgLvf6RoMNgSUImqy+0yi4arPQqqlQU2m+8Z3jGHJmIYs5Z9nI2rGnmzxKlgKKmytmUzkjdKAz9dY5/XSlhR5YDSttgVSwlaDMmTGKuQAHK4upTC9mUTsQIOFlZzJFHOY2zJtmANWejmpIJFINLnlUlMxJUQAC62chwCCBSt3bakMws9E0Z5QCQpXvEVIFPkKbUpHNcm021xj4QSS4CYaaQcuXMlyHyszbjyPNEyViUBsjZQW6PqO9/N4gyEhM1KQ6nrmLNQOBXm9XFNHh4W0zI4JUMxBuQ9VOzDSkJnBN2vFlq0bLhE5Gr0Q5SDVRdhy70oRr3iXivZ+ymulRyFgxKlpGUMwuQSGy2vGYwq2bMogUIUA5BBcH72iTjcao4paF3QhOXKSykqdQJQTlBdxT6x3Oi6r1YU+UkipRySDjzLSqZMlKCQMxKSCWAtlFejxyfiWPVOmTJi3dayX0S5oKUYCkdbXNSEKzORlL9mLxxf2xIFaHSu9vrGp5MvVPCQVIJcbVoOsSEpH5mpqRdtdSHDP2iFJmqelwfTf6xLUmjkejV69O0C+TChUy0mqlFth3pq/W0BnyyA1xceem+0PlpJNWr6bPeHLQSWLBIanp3e8Vwy1ngSUWJrYWAam7/GCBVXZgfrW400gSkZT7xLFqk327QkqfR3NRYbOd23iqvKIwk6ZRrfQ2+NafpAanrvW/wB7R5cxwHtQtp831hUqFBZQYfW4++kWlSK5HaAsd307/tHiRV2NabfXe3eGhTuSdfMN17fOPTCaHVqdW36xdEFCBXNS/wA9fvWGquN9aMx8u0IlZJFLltL/AEtD3ch+wa+14rKKCrU4qKUo1UiltWpCggj3afHoH+kBE05g7itWPxvBA9RZIvX79Ipqi9wwSXsof7TcQXCrFQom9K0PcfZhl2AFSKf1b+XpC5gL9NNftvSKllUFHDslqmnSlmOnZ/WkPQv1sTXbrEZZHdmuBt5aQ9AqcpdizHbZz1+cJcVQ1N3keBSmprsD31taEhZcwKVTl/bZvKPRGMjVH//Z');

INSERT INTO photo_gallery(id, description, user_id, image)
VALUES (2, 'Construcción y montaje de estructuras', 5, '/9j/4AAQSkZJRgABAQAAAQABAAD/2wCEAAoGCBUVExcVFRUYGBcZGhkcGRoZGhkaHxkaGhkaGhoaHBoaHysjGiEpJB8aJTYlKCwuMjIyGyM5PDcxOysxMi4BCwsLDw4PHRERHTEpISgxMTE7MzExMTExMTExLjExMTEyMTExMTExMTExMTExMTExMTExMTExMTExMTExMTExMf/AABEIAJ8BPgMBIgACEQEDEQH/xAAcAAABBQEBAQAAAAAAAAAAAAAGAgMEBQcBAAj/xABDEAACAQIEAwYCCAQFAgYDAAABAhEAAwQSITEFQVEGEyJhcYEykQdCUqGxwdHwFCNi4TNygpLxFVMkQ6LCw+IIFmP/xAAZAQADAQEBAAAAAAAAAAAAAAACAwQBAAX/xAAqEQACAgICAQMEAQUBAAAAAAAAAQIRAyESMUEiUWEEEzKRgVJxocHwFP/aAAwDAQACEQMRAD8AyfCW3VlK6Ftp5g+VT8Vhw9xiF2aG9FOXeYG1dwhRbwWCfFJnQCNSQNzUTDXHdizElUVn9CNF0H9RUe9BtjFSH2NsBtnIBJjUAdMx89NAN6mWwzYhbQhUi0hjzCLBO+haoFjD/wAsyAGd0QcswnMdPXJVvatg3cRdy+Gb5HT+WjkAdPF3QrlFHOTI/Cibj4q+NAiXXk/WzkqqjzhjRTwThwBtLoSlsAgcmaPv/WhzgFs/wlxif8S9Yt/6bYNx9tToRp5UW8LuBMSQqGMy52nTwLmOh5zpWNpHKLfRKsYMti2bwQ15Z0Md0hG3nHtU61he/S0yxA7257LAOvrlqq4HccG5cuNmORhI1iUcyJ0Gsf3q34FxG1bsw3K04UDTN3jk6Ax9mlSmqpDFjfZX9o1CYy7dG9vv33j4LbhTPkctAHBcFDsZgKrFpG2S1cuT5zkgVoPbt/BiH+s1tUiGAm5dtzBI18IahjgyLbs+OFP8w5X02QIDB2EXG+RisjOlYzhZJv4fLYxmgBt4fD2QOv8ALW4feQDVx2zwqt3OUZmW0yRv8X8NZaY6An50PYriVsrcWZ7y47SonSQqDMeeUAcqI+AcUGLxFq21so4cFNznUwHB6mIaTPOfPXNg/brYM/SCZuqhOpbEXNP68VdA8h4UX3nrU3B8Mz3r6lgAmFw9hZ3XOllWY+kv86l/Sx2duWr6MJyP3du08yWPjLBtPC0knzn1h/BXQbuOedFF9tuSuUt7dO5Y0bvwLVVsDlYLatLqFWy9xpOpDXmWCB1AU+4q14dxgYewroCUvXHW4TEhMijJr0MsDrr15pGFRy9vKMyYC0SqggklbV6N41Zo250xxLhzW7dpFVgyWlYruQ9y5ebbaQqismkwoNrQS4DjWS/cGGUXEcK1p3QM1sZc2UNvMyCNvDvrqXcKwXeeK/3hbUhHJQDUEHKp056EnWaAcBw3Efw5cytq5ZXOwOk96SzDcnKpjQczG2mi9nMyJbW4wuK6KUvLJDgqYUnrsQ31p6zSFCpJDpT9Nrv/ACXdsTXig50pFivPFWERwsK4rUg0jNWnD5ekl6aJpBauOHjcrmemM1eLVxw69yo7vJrzNUe+5kKvxH5KPtH8hzPkCRxwm85djbUwB/iMOUicgPJiPkD1IqVbAEACANAByHQU3ZtBQFG33knUknmSdZqNiOJIoJGw0zEwM0xlUR4j91Y5KPZqi5dEfi+JFs3XcgLkVVEmWfxGAADO4++griXHytwNeVrfO2jAkEGNQwmffX3AC2GPw7Xnu3bhnKcoQZgE+FcvmYOp6nTqSTgnArTJbu5ALhCliQD4lgE67HSocuSKnUkWwi1C0VPZzgly7F3FjKgM2rBEQOTXB1/pO3uRRfSG1NKQVdCKS0Rzm5PY2d6fQU0615XNEAPlqSyg0jNSSa04lJA5143hUaa5XHGA4O0f5txjrlYx0ZzlLDpoWrqYZxYdlgF2Cz1CQ51jqU51P8KYaNZd8x2ByjRRPqjfOvXLfhtojQQoOsD/ABDMmNtMvyipXkZesC6IpwzA4W2IlR3jE6+NnLRzGihJqywig2Hkk/yzIO/824kidvhtjfkKrLlxjefLpGcqDOwUgeY0iu3boyP48rZ1Akx4baMFgbnUrHSiblIBRhAsWuItu1bn4TdaR4pLFVQCJA0U8ufOkJxplmUM6wziIkEc9Khri1PgTMxAUEqCCx3YydN+u9RMTgmeTJJ5BmJOnQT90mKHgn+RryNfiXFnjwUMty4xDAiLY1G31m9Dt1peF4swlLGFLMYl7ssdBoYY5Afadd6rbHCTbQXHGYdJII3napa8Y0C21MDQADaslS/FWYpN7ZLxFvH3Pjuqo5wY8/qgTuefM1HscKFvV7gYR4lH1tTuTy16U7ZS/c/pHzqRb4KAQbreep/Ab/IUNs1tFcVtyBbUuBygAakHcKJMjmTFaF9E2BTv+8bLnAbKOcRrrGv5RQ9hzaQeFSTOmgUR011PypWCx2S4uRmR/iUAxtzn7j9+lY5U0+zttNG2cTwaXUyXFDJIMHkykMrD0IBrNO0HZ18MuLiXS7aCq2ms2r6uNOcsrTA+Pyo27LdoFvqEeFugajk4+0v5jlVpjMGly21txKMCCNdjv++VUaltE246ZiGBw4bGY4svhS0LJEwHg27QWeWw+VSkwNu9dyd53QK2FtlSQrMbNxlQsYyg94B7AaTIsu0vCXwVvHXLhkXMzW7k6MXui4ikfVZW0jmII3IFJxONbVxsqG8LYgKCO5s2RvoR8RG42AmKXO6Gw7DNsQDZhltqyhEa3IAU5SdFnQZiwA55Iq/sQqqtsKqAQAugA8o5VnuGs3TfOdMq97bRDclVcrbuodXjNDSdCfh86PeHvbyBUKeEAEIQQunwnp5E/hWQb5WdkSqiUbtcD6VHW4RoddW3HLMeomlm75fKnKV7oQ1QvNTZJpOcSBrJmBvsJOteKkmBRJ2Yz2eu5hSGskHWnbuHrTDxIroFRya890KJP/JOgA6k1xwrGPlXwjM50RZjMfMxoOp5CvWEyjUyx1Y9T5dANgP70ixaIl30MddEXeJ/E8z6Cq/it1yvhtl2OqWpClthnuE6W0k894OhPhoZSoOMbOcZ4oiASTlJjTd/c/Cn9R/DU1WEu/xFzww5CtOQkKmqwFYaDY+LcxpMQsHCYTFvcuNe7pU1Ny6rErbgmFlh6EAcmBMbMXcE4Xas25tgHMAxZRJfmNvi3Pz9qUlKTtjpOMI+kE+Ps9qbasSfjBynSdc8EyQD4Zk9STqTK4BjL4w+GNu4udpS6r5i2dxmR1XMABmYKdDuOlR+2nZs3EN61fKglCJAQ6Zw0uBOmkLCwA29CmEw9mzdm5ibjOnizAZrbNyU5i2ePSN6Rkgrdv5qrGxk5RWjYGXWCZPPlrz0parQp2f4yv8ALQzLMSoY6qrFmC5YgAAkA8wvtRQWqrDPlEmyw4yOmkRXs1LVqcKEEmuAUsmkE1xx2K7NJz17vK04w7iDkMtuRIbu5H9AVWM/5i24pVtLjXWuAQoLZZ5+EqvtMfKuIyKSSZ31PmZMaQJOtK/jJnKrNUTf9KLuba2xg4dgJzDOB0A+XQ1DTAZmE5ttc2nSPxq3TC3XGwUH3/GloFt/E4bLsPiIPt+dbGUkLklIgY62bDZFXfb986dsWnY5iPUDf51YNbe4Q9xICxEnUzpJ0qZZwuYQJPkNB91b2D0M/wDUlyd0VJGw0k/Oo3DERFIA8c6zoQfSiDC8PVFk6CAJOsSY1NV3HuHFW7y3HLUbET99C9GrY4t9z9YgdF8P4a/fTioPnVDxBry6ZoB2KiJ9zsab4djCG1JDdeTetLcW1Y1UnRaX+KJb2DN6CPXepdm+Hw4uCAzXcoPQIoZhPq6f7RUY2Fu+LRbnMcm/fWkcUttbsYcKIOa87L1zMqf/AB71iSa0c3T2WmFvlWVwxkEQZ1BGog7gjyrUOyXaZb4Fu4QLnI7B/wBG8ue46DG8LjA+oMHoR+NWOFvMhDBj6f35etDCcoM2eNTRsfGeGW71p7N5BctPuD9QzIIO4jcHlWV9r+zdxMXhrTy63cTfuBwCFyM1p8jcvhUj2mj7sZ2mF5RbuHx7BjHj8j0b8av8dg0dcriUBBHVCNQQen6kbE1YmpK0Sbi6ZlGL4mHW+tzMx72LJzapNk3mzEmCPEwE6DQbAQ9h+IPaK286oEBzLaQEubeYEEiFJOUSSNcx9aY7U8EuWLV9LgLZrtxrbIJLI1u1bUgDmMzA6aR0iYfD8L/4e2r5luqtxRJGbxN4dpgiAfOY9JsvpdplWNclTCC5x3vLWTu7luS0PIWAZYajaZiSRBI5bDzcTcm5luXwyMyupdzkmdFbIAsZZ3OvUaGNjOKLbtXQGts625KpmM5ripJJ/wA0HTnpVbhuLPfVEOrF1VlaSCh8O8gyNNt9eY1xfcqwqx3RpWE4zauG0FY5idPCea8+np61dXyB4ywUc5IEH3rNsFis9wd2hUh9VWMzCXi4hYHKQp1HPfrRZwvCozSy23ymSXdrrydhr4V2OwooZJ22wMmKNKi5GKW4M6MGGokajTQ0sXDFJZIiNuX6U3NWRdqyN9irjCJJiNSai5//ADG0A+EHcTpMfaOwG+sbk01duEklh/LEZY1Nx9fqx8I0jXUydAJMe5cZySDEaFt1tzoQOTP5nQfMEZSoOMLHL2KZ3yiMw1yk6W/svcAPibmFB/USeHLOiMShk3Lh3ZjEheTesQsQB0iW8MrjJH8rod3ncmdYPnq3PTe2wxiABpyFZGF7Z0p0qQ9isHauWGsFB3bKRl1G+u41mdZ3nWpXD7Cd2gEKAqgKNgIGntTKHXak4dyEA6CPlpTKAsC+3iuzNhWTMM63EaIGWc2hHOMymeYoR4PwWVdWsNeYrlUi4UCsJDP4VZpmI0AgedaB2gwTNaOW4+a1mhml2yMsxMS2XWJ16mhexxdbaAZ7pJkEL4YkkgBlmdeRH95ZScZ/BZCKlD5K0YRrGQiMywDmJHiXKVIXmfLzM1p+Euh7aONQyg/MUC8O4hbD5r9sww7wAgEwWYKZJA+zrHIE0Z8LvI9m2yABCoIAAAgidhtW/T3bsz6npaJamlUgV4tVZGOhaSyUkOa8WNcYcKUhhSixr01pxjS8OtqPEwnpv93Kl3bmQSqSPtHb5D9arYXcHXympuHxbD8zoSf8w2b7j51BKTXRdGKfZz+JdpDEx5aCPTnTuBti5cVdDJHKD1O2nKvNaR9QQp98v6r7j0qy7K4I/wAR4hGUE++3vzoVLk6ClBxV+C7GHtplHz3PpPSnsJbDFiOp9fI+VOYrB+LMNFG+/rrG3OlcPSEJO/7501OhLSaOvh82mu/TeB+EiqDtNNu0yzC+ER0kjY8qNezlsOXYiRAH+5uo1Gx5VTfSZwsi0mXxBn26hVJ3Gh5UEmmzYqgNweOBXK4zKecT8/1FI4hwqRmTxL5akD8xVYrtbMbjmOn6VaYHGn6jac12/wCDQNOO0NTUtMrExDr4WYxyImR8t6KeKXEZbKXND3KMrSD/AIhZx88wPvVfiMKlwEpAbcg8/XofOm+2Ja3i3C/CiWrceVu1bT8QdaJVJaBdp7GcbhCjSNG5EbNT3DsfJyto3401hOKplyvqnQ7r+ddx2EBXOpzLuGH51jV6Zt10W1i9lMqfb/itK7F9qxdAt3Wh9lYx4uit/V0PP13xGzeuEatsSNPI+dWHD8PeDBkDE+exHQydRXQTxvTMnU1tG39usNZOEc3QSqFGBEShLhcyz5E6bHaszxGDZJUXc4m06PARbgW4XLIZiYKAryyHrreYjtIbuCuYa6R3hVcjZpJKsrZWIM8vi/ZGuG8TS24t3EDWjmDW2bXxAqblsnUNE68/vrsk7knE7FBqLTKniOCKW7zkoGNm2rSVjvFa21yDEeIho89o0qk7L2nOItOAcq3UDNJ5EuV8yVVqLMSts50FsG2TCSSQ4tqiqNZObKqSDz501w7DHLiQtprbCWtKkGT/AAuJtq3h0WdTpswp0MiemLnja2is7NX1y3LywCgUtpBBBzjUA+E5CPejPhOLyIe5USwBaQScxUkCAAC3Nl5A5hpIUDwmHuWcHdfI6F7lsAMIkKSCIOpHjj3FXuBY2sTiHLEKFJjTRxctorAMRLAExy3ockF2mHCbemaNYQhWY3DcPPUBdCJKgbH1JmaVjHg5NY+9ueVfLqeW2+wvw7jRSwB3ZJI+EABQoJVXAH1jlJI2EjqAJmD4wLhZbxyKCBkC7yTOxzZZjlrm2I3FZeOkc8V7ZNxDkjNmyropYcwSPBa8jp4hqeXKEW7ZZhmUBBGVOkbFhtPMAaA+e1patqGltTy2hJEe58/wFOXcKOVURhe2IlLwiOrVIw7601dSPOk2n1poktbe29cRuvU/jUS3einrd4HeuNBz6QcM4RbiXMtva6usN9nYwJ1E9ctBf/Tctq6pQMyrIuM7AL4AAwRZzEzz0k7b1qXEcOl221ttVcQR+ftvWa9oOHKl428stDFFGmaHbKSQh6gRtJ10qXNGpJlmCVxaE4RRctqXyAquUZEIKga5jI8TEeQ103ou+j+6e4ZHBBVpBMahtTBGmhB09KHMDwoWkcl8zXFRGARgok8nuRmInkBpR9abMqt1UH5iaHBH1s36iXoSQ40U2XrjtXJq0hPZqXmpovXC9acLZ6bLmuMaSWrjjHv4dWEof36fv0rgsNvuPuPow0nyMVAtYmDEAaHUTP46+9T8Ljis+Lff+42PpHyrz3Fo9BSjIft2W5CDqIB19vtDyoi7H2Ghm2MgD2Guh057baVUW7gZdBrzGmvofyPnrRHwBgLI1BMnNJ2189x6/OhQ1ppaOYzGEtBMakaHSBPXaehqZgX8BIgyeX7j+/I1FN623gUZzJ+HxDzGf4V9yPQ1Ee6bbHKwTSSpMgyTG0DbnPy2ruUkDwhJezCrgd/IMzK0l4BXSIGgMxpJ8z5VWfSJii5tIHUZQ7bTIMAZoGh8JAikcN7TL3RS3bzXArQjErJJkkAjxDbbL50P43iL3bn81AGAAiIABJHhmSup5EjyrWnWwFXIYW/bzTctBiBERmBze6jYnUmfxpHaXspfwsXMp7ttQw1gHUK/Q/d0NWnBba3rtpBbJm4qk6aqWBEnnHiECtiv4cEQRnUaFTuojbzEcqKK9OgMkvUfPXBnL3rSGQ7OqjzzMBVzxq4l7EXc2h725lPlnMa/lRxj+xFsYm1iLAgI4uNbjSFMjL01jTb0rKMdbu2rjJdVgwPiDAgqTqa5q1o5S3s7iuFFLhJICwPFyO/vUnhuItoSFcmfq5YU/wC6nsDjhlIaHXz5frTOP4aG8Vszzgbj9/Oh5XqQXGtoKOyOHwbXIvZkU7FSAFJ+1IJA8x/xadrezDIJtksnI/VYETB89fQ1nWDxjIQH9m/Wj/sl2oKr3Fzx2mHwgiV5yhPL+n5V3Wn+zGn2v0BGC4ZdzFbSM2VScgOpiSYB3MDbep17CPcLAwlxAArhgUcGNCN5Go6Gj7j/AANQFxOFcMsgqw5How6fePxDMbwgXAVtqLd1QzFSSiugWVgrop0YTIBjXU1zu9/s2M00ReEYoW3KXLZJjxo4GWSIzL/UNtBygzFWIHd2zLoEuJcVABlVny/4ZCa221+IcoI6VT8Lvrca2mIZ8uYa2xqoXMmrtOfWd5GlTbGL7u6LZtrcCBWcXIyuCC5OUKBorb6RFBKLsammiRhsCHtCwpVZAueBmYZu9tfWc5vqka9OhFV3GLbAYy9lJAu2gYgRbZcxYf6sg/4NFFjDBx39h1ayLf8AMAy5rbhrlxw+Uao06HaZnWqfFHvLeItZvjTKCdsyJauewDXcp9JqiFtb6JZOpaIeBvul0JobaWLZUsY+K2gKkzAVjclvY8qtsNhTlz2+8KmDlHgE5pIYW1BiSYk6hpnUVQ9o7AW7iy0hFNi2oGxlFGkf5CTUjgfECgCXAzqO6UzB8VwwmjCJRIA8ifKhyQb6GQkvJoGDx1pURPBbMmFzLPMyQCTMxuZ118p73KE+DY0WzlGVAIUDI7CN9lgEjfyonVwxkAgeYI+QPL9KL6fJfpYrPCto5Br2Q08gp1cPm51WTEME09YRjU1OHf1U4mGddARXHCFwxEzQbxyxcTF52uMttgyrMJkGXxEOCG31mYlh50ds0b0M9tLRYWnVQzrcVQG2h2XMTr5UnMvTfsOwv1V7lPjRhbyi0tsZ9Ajkl5KtIAua9J3Hl5k3Byf4e3nVlYKAQ24jTWCR99DmB4cVzNcS0XBMHNmFskKRkQKCCB9ckmSdtqIOG3m7m3mMnKAfbSlYb579huWuGvcfdqaZqUXpLVYSDbNXA1JaktXHDpammauEmvd2xrTjIrOJQZhlXXQgqo21GwytvuMp86SMKjfC2Vuhn8PiHtmFVWHxnJhM71KyTBUzPI6j+1Ryg0WxyJqmiULbIQOpgHlrpuNDRH2kwiW1R1IJ8K+LUAdYmNgdo96H+DX3N1Vht8x3OigknTXQDzog4nhzeHxBue8NqBrlMEgehpbfF7DW/wAWQP8ArLMILEmByyx55V1PrSAHuIQDHiGUDYiNdV3Oq86Z41w/UOqkED6p/T+1WvZ3DmLQCklszEaDQkgN02A1PSu12jt9SKziPBmW2GEn628EfZIj/modnjtxRlujvFH2jDry0fc+8nTetH4paDZgRpoB7Caz/j3DhqY/Yo4SvTEteUGH0V3rDXrbZtnZjOhBykJPz5Vsj2xG+vIivl/g9l0hlZlOo3gb7EbEeRrQ+yfbe9ai3cBe3pyJA9Dun3jyFbaj30C4uW12a3bXUzptqPflyqk7X9nrWKt/zUlxIS4oAZZ/Ly1GtTOAcdsYkE23GbmhgMI025jzFWOInwx1260bScdC1akfP3arsjicExcDNa/7ijSP6x9X8POqbCcWKHRTPMcjX0lesqxIgAnQqdmHl99Z72v+jhGzXMLFp92Q/A3ofqH009KU4e46MwAuPaxA+xc5jkf19ap+4uJcKgsI1GX13EflVhiuD3bbm3cQow5H7iOo8xU/CcJuCw10bq0aDTQAnff0oU+Ix7Ljslx7E2D4kZl+sDoH5agnRv6h/wAl2J4ZZxSG/ZGoWGtkkMhbTSN9Y02P4ZriOI4hV8JUCTBC7/OYrvAO1V63dVlzFswAPnO0fWE8jQpS/gyVfyXOO4SgtOjoVcG2bTeNQxOebTOpkSXzR5Hel4N3Fy7bK2zbcNb1EkKAVUgtpMEiNoYjnRa3EcPibTBTluW4zLuLotN8Q6nSeo19apbOHVdwK6SOjL3E9nOFXkfvbd4Ar4QAggjQlTbUgFT5nzr3GeGYi1iMOrMe7vteOZZCgtbUpbJH1lhyNdY8tCDs7irahwWUajmPSizDW1u2QDDKZGnIhiAQeRFMxpC8kmYTx253yoFMd9cstA1y/wDhgSCByGdTHnScKhL3o2XEC2D5Kt1bRjrma2P+Kuu1fZ04TE2FynuwWKNGhLLh8OgP9UgNHvUHh9kK+Vjq+KaY+yti3eny1H3mnVrQEZbJWExOZSzjVnICkDY3LmVlzAjRVObQaAeVEvCL6kDMzlhGTVoIiNtB05cqDLJKWBrDLbViSDuy3OXzNWHZTFeNk0XKSsk5fh8JmPiMzodd+lSTi4S5Iqi1OPFh5Zfyj1qUt1RUC25I8UTzyzAPQT+PPfnXi1XxalFNEMlxdFquLnSnhfEVSq3nXRdoqBsti4qn7RupstmIEFYPQlgo+80sX6j8RbPbddNQYnqNQfYgGl5I3F/2GY5VNFfd4xbtqZvW8sAkCSzEzmAIkE89udWGAA7tcpkawfImduW+1UHCuHsxts1ws4QfVkKQQYXNIEmdfKrnhgIN2SxMrOaN/FrppP8Aapscnyi/GyjIo8WkS2NNl65dFctW5NXEY6qzTipTltYFTOHgZtuRrjj1rDqFk71xEHSl8SQxp61CtsRXHHzrCtsYpSXHT0qLTi3CKXQfIN/o2i5fe5/20+9jA+4NRNxDABnYiAYnyPLbkT907GqL6LbQFm7ciMzhfZFnT3Y0QtcMktzPziSfypU4puhkZPsHuKWLlvXNG3UqfIncU9wniSBgNEeMsFjqIgwdj1jSn8ueQTpmiPIST67xPlQ/xrAKrBVUCdSAI2/ZpMoIdGbaD7BZHBXOcx2zAgHyBkj97UP9pMCyhvPT5mJqh4ZjbitkzZlA+FzO3INv+PpRDgeMT4TG+qPGv+Vuf70oba7NUb2gds4prXhZFj7QGvvU9uK2wJJY+QX9aseI8Pt3QTbMNIlTod9Y61S47hrodQYmudSOTaGm7RBXm0jo4Mhi2UyOek/jR/2N+ksMVTEz0zGM07dIYfI+tZniMIGGtQHtsnUr05/3psUl+OgJb7PqXA4u3eTPbZXU8x+Y3Bpy7bMR8Q+8e/Ovm3s32pvYZgUc6cp5dDO48iCK1/sj9IdnEALdItv15H1G6+uo8xTE/EhLg+0X3FuD2r6gXEDDqB4hy0O4PpVRb4KljC4hCc6lbrLI1nJAB8/DpRdlDQynloyncH7jTSrIhgBzkbeUg0Msas1TdHz/AH8YFyoQMvdWiRoIzWlb869wrAp31u4kMmcOdTplOcgfKtF+kPsRbuq+JtkW7iIWaB4XyA8vqmBHSs04Fie7N1mEd3ZczyJcraE+c3B8qU4tPQ9TUkOdn8UUW65AGVBJGgLXGVNyd4LVzEpcfxJcaOYB1H6ipBtC5h2ywrXLg0P1u6Ukx73FPtVUl65aaGmB8x+ooe+uwlrsl8PxxByudeRPP50a9ke0rYZoaWtn4lGvuB9r8duhAa9lLwlYDbno3p0NNYTENbdUeSMwAPMGdAaDd2uwnTVSN9xeFsYyyAwDoSrqeaupkMOasCPxFZT2q4Vcw95UM6d66vBAcLg7gnTf/CBI1iRUzs72qOGvMpJZC5UpI1OaNJ2b9+mj4rDWMbYDQHUhsrc0zIUaOhgkEeZquE1JfJJKLg/gyTE8POX4vC5Qa6aA28x9s5AFUGDxeTLdJaQirExmZgrnURMo23Uc6N+K4Q2+9ttq6OV2+LN3LSJ/pB+VCuLwxuMVyyqvnY7aKtsLp6IwPvQyVqmNxugv4TxJCikLAcj7I5QCddzA5VMvYnVANJbXXpEigzsw+ptsdVYiFAzAENlI5mD58/Wr0XmOwLMpMkaDbfWhwZGrgzfqMfU0ETBQN9q7bURXblv4gRqJ/GlrZkD0FWojGnblXDY896eGFJ2p/wDhGiuZwL4bEoFBV3UTrCkgAj005DWrLg2IS5mYSNYGafGF2Zc3LU6DaDVViOFjvbgZmP8AMUqo2XlqI15nXyqwtYeLluQ5gnKWZj9RlAgnTfoJ/DzYtqn4T/2XSUXfu0XOFClgKdxVrKxApzhOFlwacxyePbavSISLbtEmKusFw/LDMfao2DmQculSbt01xwnE4Yz1FMjAxuK4+KI5022LNcafL4NcqdxHhV6zPeWyOU7j5jSoVpSSABqdB6nalpp9GtUad2UTu8FaHMqzn/WxI+6KlYq6pEmZjfWIaDI61KXh4yLbGiqqKv8ApEAU1iLYVcoMj5TPI/vlSu3YzwRuHWWYk8iCfnqPzpnG8Hdy1wctP71acJtEAnkTHP8AfOjnhnBUbDI2oZlzdZzGR+IoJpvoKMqMC48e7KhhvJ/CkYPiQOhOYdG/U1e/S1hGt4wJ4SEtLOo+sW/ICgt7IOq/KjjBOKsxzaegwwnEtgrH/K/5N/z6VbWOLZoVxI2hoJPoedZ5YxJXRtR+FW+D4iQOVxfstv8AP9ZpU8NdDI5E+wrxHC7d0E221+ydD8udUeMwToSGFLwPEg7Qhyt/2yTPs3P7/SrvD4wP4bo208Wh9m1Dem9BuPYdJ9AlcwqkeZ/KaiNbe2ZE6cxoRRjf4OHJa2SRB0Igjaqa/hSNGBBo45AXEsexn0g4jDEK0vbnUb/+md/MR71sfZjtXh8WBkYK0QFYjU6aDz8jB8qw/s12WxGIzm3bzBSQTrpJMbA0S8N+jrGW2D58h2nl7yR94pnKuhfG+zWu0nhw95v/AOVw+UhGrBMNcW5hrzGFZ2s29dmnNd/9i1sGE4bj1w72rly1cV7bJLFpBZSoIIB018/asxxXAbdu3/D37hUpczNGoZhbRAFPOACf9dDKUe3aNxp9Io+MXGs28Nbja21w+ty40Qf8qpXMPxEXPDdEdGHL1q34txLBqyjuXulUtqub4QqKLa6E9Fnbeh/i+Ma8Uy2ktBVygLpmBYmWjciY22ArElLdfyHuPkVibFy24FtiQdfDr93KrrB2bl22Vu22kDw3PDrHJhP7/Gn4VhGDgwDGpg8swmrfG22jMlxiNdJMj1HOlzklSDjG9i7fBW/iS5y63iw1MwbhYCI3iifsNxK5hHRDdVrbMA6wdBtIMwCPwEdIp3xS/wAWyHQ96CNd5YEQT60i8B+hFKlkkmEscWqNH+kLAlrSXrQBEjvCD/5ZS4FYddWA9x0oFeEuXBlMC2o13YNcvA6HzPyajrsBxYXrJw9yCygwDzXmv6eR8qF+0mBNrEFCTJUIjERmUEXC3/qb3SquXKPJeREVxlxYKcNYLcF0sBbuZpltQSxAIHTwyPSi3CXUCswMhoceYZQd+frQdaBtnDST8SK3RgneRptqxraXwdllKMqBbuZQAApg+Lwkc4E+xPWg4cZqQyc048QS4vjm7+4MxCwGEebMD+AqfwjEE2lBkkEgnfnVd2nwz27pBUEZQFckeIAanTYidQfzqXwC7Fo5iDLTA5Sq/oaphK2TTXpLQXYrpxxqLcAOxpkjzp9CiJjcYnf3NGzwPhDc1EfDqfwrmDx9trgUFnghi7K3hjbMW67+1ReLYVHvW2diFytmAMZjrG2u007bwqLZAUMRl1WXgE6yNY029q82SknJItTjSb+A0wTgAMNKevXw24E1TYfE+BQNsq/gKS2Kq+LtJkbVOixxOKIqMcUag3MV1ps4haOjCc7TrSDdFQv4oCmmxArqMsGsRhXggAwTEHXT0O1V+I7PWhcR8uUqysSuklSDqOetUPBe2WLw5KsFdea3BMj13FGvCO1dnFyBZNu4okmZSCfuJ6V5UseWM049F6nFxaY/cvvAAQkn966UyLTtBIAMyRMRpAECpq4pS0CT4ZkAka+dcsvJjKx6fnvViRMLtWcqATr5dToK0mxayoiDZQoPoBH4xQHw60WvWlj66+4Bk/ga0Ka1GSPmr6XcT3nFsUZkKyoPLIiqR85oURyNv37VYdpcQbmKv3D9e7cbXoXYj7oqvmjXRlHbjk7ikKSNqcL6RypLVpw6LZZS5O35VaYDHNGUv3g+y2/zJ/Wk2wowZMAmf/fFVYZSfs+dA1yCT4hrgsRcyC4pJWYhidIPJht7zVlhuIJchbi+Lo2jex2b51UcAsk4dSSCGncTIk8yfKo+NW4HhVLpp92m5OlTShvRQp2tm3/R+bQsEW2BMyy7Eeo3olNfPGA4pdtQ4zjL1PiHo6mf3yrQuzH0iI4VbhznnAyuPMqTDjzH30zHkrUhU4W7RoJtlZKHl8J2n8qq7nCbVy13d62DJlg2oZm+sG5HzEGp/D8favIWtuGHONx5EHUe9P3mgHmY2+dMkk1aFptMyLtl9G9xGNzDE3LfO2fjUeR+uPkfWghMIQxUqQQII6ENt5GvpEAiRygfPn+/OhbtrwOzdttdNsd4oEsPCxGZQZ6iCdTtSpRroZGd9mfdm+FC4mI1y5cPcYecRQxYv3LTQwkD3P8AetBwtrug3dqy50ZGnKcyNuu/lUK3hLRZQbSEBhMsTpMHkaU9joyrZWYmxbuYhHVoYNZYg7Hw23084qs/iWtuyXNgxExtrz/Wjbth2HYXLWMwxJWbPe2ugTKudOoCgSPKR0rP8ZjGDOj2y4zPDCAfjYQeu1bLG/Jsci7QQcJ4n3FxLiPqpB1/Py39ia0ftJhkxeFGJt/EqOQeYVwO8HmQR9x61iOH4aBbFxiyg6iEzecTIG1ab9FPG8mWw9zPbuD+USIgglcp1O8R7CtxpRdXoDLcvUuzOuL5u7RZOcPbVeozolwfLOPc1e8a7VXL3DgIZL2GvWnt3F0BQB0UzyYZh66VadueyF1MQ1y3bZ7LO1wFQSEAt2lCkDUGUbXpFNdoezB/6W1+0CytbBdQJZSl1SWEbrCmen4O87F3oIuw3Hk4rYZbqZbqQHIGhaPDcTo2hlfXkdIJFy3iHsMjBgEydLoYsA6fgeYJ1ql//Hx/5l5JgGD76Aa+9avxHAh8uYaq8qw+oQJn0Ounn6V1cXoC7VMBHvNXVdqvu22DRHS4mneZpjYkRqPWaHVJqtO0IemIxjgFc5Ik6ctZHPlTV3FIgzNckGfCS23kBuak4+wLlvLs06HSRoZia9h8FbBYyZ03YiYGuukc9R1NefltZWku9l2Pj9tNsnPcKQumgA06Rp90U3nY7Cl4JEynf4zE66AKB90VPtsg2qrA7xr/ALomzKpsi2cK5EnSlfwR5mpffKOddbGCnChscOHM/fSxgbY5002JB2qP/EVwRh/f3NpFwdD4v/sKMfo4sZluvlyyQsHX4RJif81BSX0+xr7fjWl9g7OTCKebS07kyTH3Cph5dv4QSToB+/ypeEOgPlr+/Y0m6dD5mPwFLsjU/vf/AJrgSy7OJnxVvT4Q7+8ZfzozxrEW3I3CtEdYMUM9isPF2455KB8zP5U/9JeOa1w3EOhIaFVSNCC7qszy3rq9LMfaRn/FuzdtxD2wTtIEH570F8Q7LqrkKzASYmDABjpV9wvtbimtfzLi3AP+4gJga6OsN85qKOLsxnu1aBycjeddVqe5x6ZQlF9lB/8ArVwMRJ9YER6zSbnZtwR4hBMba/KavrPFwJlH1EfEDHzipuG45gtDdW7oZMInl/WTXPJk8GKEPIMLwO8yG2o2MSZAMa1Ffs1iAYye+sR1kitKwXavAINMymTJNsnceU07ie1eCuZYuGdAZtv9ozy6Uv8A9GZXoP7UGwRwDm3aW2wM25DRyInNrtXTfmAFJnXkND704Uzsx5OXPsxJ/OuWrEN5ZR1NMu9g9dEfEO5RoQaDr68o3qDiMPdtsClpnPMBWaBAM+HbWi3h+ADlFOzXLYPmC4/WtGtcFXD3i6tIcRqNRHnz3rrrdHXejJuCccv2yDluI39QdT7XI1HrvR5wLt8r/wAu+PERAYQG6bbN7fKr7iRGRjqfAefpQz2kt4G4pNxDnj4rYymY5yIb3BoFLytG1fZofC8ZburKOHHUbj1B1BqL2ltZrNzTXI0ewJrEMLxR7F3+TecH6u4MdJ/IyKO+A9v+8U28SusRnUbTI8SbH1X5U3ncaYt42naEjG2soll26io7cSta+NPmP1oN41wiLxZQCjBiOWkryNUHEcGC2ZAF0GlYqsNrR9I8GxXe2LbqwJC+KDOoEEev61m/b7st3dxr1sDurhkgA/y3Jn5GfvjpQ39GvbW5hbvd3Za2xy9T1HuOR9j5bk9tMRZBGqOoIkbgjYg0cotqvIpS4u/BjfHr64cYa2R4HwtpmnUFpdD6Hwiq2/bZRau4dvhLyP8AVm1/3HXzq9+lHBC01i0RKC0wBJ8Qyu53G+hA9qDcMjW7KMrnS5dHtksmI57mk8abaHqWlZsfZz6QMLcVbd64LV4KuYPoDKgghttQR7zRbhr6FQUKlWMgggjXfbf+9fOPGbKO9q4RDG2sxsYlNuW1a/8ARHBwKnYIx/GCfXw0+MmTzilsk4bsrbwmMOJsDIlyO8tgeFWzA516A6SNhV5ieKWkv27LsFe4M1udmI8JUHrqDHOakcTcgp0JM+wzflQl9JnZU4ruLquV7ktIBIOVsplWB0gqDHnptFE+2Ct9ieJ4+3iRdRWC3cLdcPbOpgkqGHkRlPlVUFoS7PHvLlzENLXCFLP9Zs1sEgzoZjnzq/s3wRMx5a9fKjxySVGTg30TrxEeIwAVJnTTMJ+6klYJynTQ7ATMxyqBjLiPbdC5OZWGgPMHrUG1gDcVZfzhV5A6asZOlIzySmpL2KcELg03QS4e4O7J1+Pc67gafMGunEDrVRgLRtlkWcpBYqcsZhzBknnUsIT9Uf7v7Uz6efpaa8ic8KkqfglG5POkEjrTC228vvp61hSTqw9l/U1Ty+BFfJyR1rwtE9ae/hwDOYn2XX7qkB+lbZjP/9k=');

SET GLOBAL event_scheduler = ON;

DELIMITER $$

CREATE EVENT IF NOT EXISTS event_daily
    ON SCHEDULE
        EVERY 1 DAY
    DO
    BEGIN
        DELETE FROM publication WHERE UNIX_TIMESTAMP(`created`) < (UNIX_TIMESTAMP()-720*3600);
        DELETE FROM photo_gallery WHERE UNIX_TIMESTAMP(`created`) < (UNIX_TIMESTAMP()-2160*3600);
    END $$

DELIMITER ;

DELIMITER $$
